repeat,seed,fold,eval_split,model,encoder,probability_mode,true_label,pred_label,count
1,20260606,0,test,lightly_finetuned_cnn,efficientnet_b0,raw,1,1,20
1,20260606,0,test,lightly_finetuned_cnn,efficientnet_b0,raw,1,2,11
1,20260606,0,test,lightly_finetuned_cnn,efficientnet_b0,raw,1,3,3
1,20260606,0,test,lightly_finetuned_cnn,efficientnet_b0,raw,2,1,16
1,20260606,0,test,lightly_finetuned_cnn,efficientnet_b0,raw,2,2,63
1,20260606,0,test,lightly_finetuned_cnn,efficientnet_b0,raw,2,3,33
1,20260606,0,test,lightly_finetuned_cnn,efficientnet_b0,raw,3,1,3
1,20260606,0,test,lightly_finetuned_cnn,efficientnet_b0,raw,3,2,16
1,20260606,0,test,lightly_finetuned_cnn,efficientnet_b0,raw,3,3,33
1,20260606,0,test,lightly_finetuned_cnn,efficientnet_b0,temperature_scaled,1,1,20
1,20260606,0,test,lightly_finetuned_cnn,efficientnet_b0,temperature_scaled,1,2,11
1,20260606,0,test,lightly_finetuned_cnn,efficientnet_b0,temperature_scaled,1,3,3
1,20260606,0,test,lightly_finetuned_cnn,efficientnet_b0,temperature_scaled,2,1,16
1,20260606,0,test,lightly_finetuned_cnn,efficientnet_b0,temperature_scaled,2,2,63
1,20260606,0,test,lightly_finetuned_cnn,efficientnet_b0,temperature_scaled,2,3,33
1,20260606,0,test,lightly_finetuned_cnn,efficientnet_b0,temperature_scaled,3,1,3
1,20260606,0,test,lightly_finetuned_cnn,efficientnet_b0,temperature_scaled,3,2,16
1,20260606,0,test,lightly_finetuned_cnn,efficientnet_b0,temperature_scaled,3,3,33
1,20260606,0,val,lightly_finetuned_cnn,efficientnet_b0,raw,1,1,19
1,20260606,0,val,lightly_finetuned_cnn,efficientnet_b0,raw,1,2,8
1,20260606,0,val,lightly_finetuned_cnn,efficientnet_b0,raw,1,3,7
1,20260606,0,val,lightly_finetuned_cnn,efficientnet_b0,raw,2,1,28
1,20260606,0,val,lightly_finetuned_cnn,efficientnet_b0,raw,2,2,51
1,20260606,0,val,lightly_finetuned_cnn,efficientnet_b0,raw,2,3,33
1,20260606,0,val,lightly_finetuned_cnn,efficientnet_b0,raw,3,1,10
1,20260606,0,val,lightly_finetuned_cnn,efficientnet_b0,raw,3,2,12
1,20260606,0,val,lightly_finetuned_cnn,efficientnet_b0,raw,3,3,30
1,20260606,0,val,lightly_finetuned_cnn,efficientnet_b0,temperature_scaled,1,1,19
1,20260606,0,val,lightly_finetuned_cnn,efficientnet_b0,temperature_scaled,1,2,8
1,20260606,0,val,lightly_finetuned_cnn,efficientnet_b0,temperature_scaled,1,3,7
1,20260606,0,val,lightly_finetuned_cnn,efficientnet_b0,temperature_scaled,2,1,28
1,20260606,0,val,lightly_finetuned_cnn,efficientnet_b0,temperature_scaled,2,2,51
1,20260606,0,val,lightly_finetuned_cnn,efficientnet_b0,temperature_scaled,2,3,33
1,20260606,0,val,lightly_finetuned_cnn,efficientnet_b0,temperature_scaled,3,1,10
1,20260606,0,val,lightly_finetuned_cnn,efficientnet_b0,temperature_scaled,3,2,12
1,20260606,0,val,lightly_finetuned_cnn,efficientnet_b0,temperature_scaled,3,3,30
1,20260606,1,test,lightly_finetuned_cnn,efficientnet_b0,raw,1,1,24
1,20260606,1,test,lightly_finetuned_cnn,efficientnet_b0,raw,1,2,5
1,20260606,1,test,lightly_finetuned_cnn,efficientnet_b0,raw,1,3,5
1,20260606,1,test,lightly_finetuned_cnn,efficientnet_b0,raw,2,1,35
1,20260606,1,test,lightly_finetuned_cnn,efficientnet_b0,raw,2,2,46
1,20260606,1,test,lightly_finetuned_cnn,efficientnet_b0,raw,2,3,31
1,20260606,1,test,lightly_finetuned_cnn,efficientnet_b0,raw,3,1,11
1,20260606,1,test,lightly_finetuned_cnn,efficientnet_b0,raw,3,2,12
1,20260606,1,test,lightly_finetuned_cnn,efficientnet_b0,raw,3,3,29
1,20260606,1,test,lightly_finetuned_cnn,efficientnet_b0,temperature_scaled,1,1,24
1,20260606,1,test,lightly_finetuned_cnn,efficientnet_b0,temperature_scaled,1,2,5
1,20260606,1,test,lightly_finetuned_cnn,efficientnet_b0,temperature_scaled,1,3,5
1,20260606,1,test,lightly_finetuned_cnn,efficientnet_b0,temperature_scaled,2,1,35
1,20260606,1,test,lightly_finetuned_cnn,efficientnet_b0,temperature_scaled,2,2,46
1,20260606,1,test,lightly_finetuned_cnn,efficientnet_b0,temperature_scaled,2,3,31
1,20260606,1,test,lightly_finetuned_cnn,efficientnet_b0,temperature_scaled,3,1,11
1,20260606,1,test,lightly_finetuned_cnn,efficientnet_b0,temperature_scaled,3,2,12
1,20260606,1,test,lightly_finetuned_cnn,efficientnet_b0,temperature_scaled,3,3,29
1,20260606,1,val,lightly_finetuned_cnn,efficientnet_b0,raw,1,1,26
1,20260606,1,val,lightly_finetuned_cnn,efficientnet_b0,raw,1,2,6
1,20260606,1,val,lightly_finetuned_cnn,efficientnet_b0,raw,1,3,2
1,20260606,1,val,lightly_finetuned_cnn,efficientnet_b0,raw,2,1,32
1,20260606,1,val,lightly_finetuned_cnn,efficientnet_b0,raw,2,2,49
1,20260606,1,val,lightly_finetuned_cnn,efficientnet_b0,raw,2,3,31
1,20260606,1,val,lightly_finetuned_cnn,efficientnet_b0,raw,3,1,12
1,20260606,1,val,lightly_finetuned_cnn,efficientnet_b0,raw,3,2,15
1,20260606,1,val,lightly_finetuned_cnn,efficientnet_b0,raw,3,3,25
1,20260606,1,val,lightly_finetuned_cnn,efficientnet_b0,temperature_scaled,1,1,26
1,20260606,1,val,lightly_finetuned_cnn,efficientnet_b0,temperature_scaled,1,2,6
1,20260606,1,val,lightly_finetuned_cnn,efficientnet_b0,temperature_scaled,1,3,2
1,20260606,1,val,lightly_finetuned_cnn,efficientnet_b0,temperature_scaled,2,1,32
1,20260606,1,val,lightly_finetuned_cnn,efficientnet_b0,temperature_scaled,2,2,49
1,20260606,1,val,lightly_finetuned_cnn,efficientnet_b0,temperature_scaled,2,3,31
1,20260606,1,val,lightly_finetuned_cnn,efficientnet_b0,temperature_scaled,3,1,12
1,20260606,1,val,lightly_finetuned_cnn,efficientnet_b0,temperature_scaled,3,2,15
1,20260606,1,val,lightly_finetuned_cnn,efficientnet_b0,temperature_scaled,3,3,25
1,20260606,2,test,lightly_finetuned_cnn,efficientnet_b0,raw,1,1,19
1,20260606,2,test,lightly_finetuned_cnn,efficientnet_b0,raw,1,2,8
1,20260606,2,test,lightly_finetuned_cnn,efficientnet_b0,raw,1,3,7
1,20260606,2,test,lightly_finetuned_cnn,efficientnet_b0,raw,2,1,22
1,20260606,2,test,lightly_finetuned_cnn,efficientnet_b0,raw,2,2,50
1,20260606,2,test,lightly_finetuned_cnn,efficientnet_b0,raw,2,3,40
1,20260606,2,test,lightly_finetuned_cnn,efficientnet_b0,raw,3,1,4
1,20260606,2,test,lightly_finetuned_cnn,efficientnet_b0,raw,3,2,21
1,20260606,2,test,lightly_finetuned_cnn,efficientnet_b0,raw,3,3,27
1,20260606,2,test,lightly_finetuned_cnn,efficientnet_b0,temperature_scaled,1,1,19
1,20260606,2,test,lightly_finetuned_cnn,efficientnet_b0,temperature_scaled,1,2,8
1,20260606,2,test,lightly_finetuned_cnn,efficientnet_b0,temperature_scaled,1,3,7
1,20260606,2,test,lightly_finetuned_cnn,efficientnet_b0,temperature_scaled,2,1,22
1,20260606,2,test,lightly_finetuned_cnn,efficientnet_b0,temperature_scaled,2,2,50
1,20260606,2,test,lightly_finetuned_cnn,efficientnet_b0,temperature_scaled,2,3,40
1,20260606,2,test,lightly_finetuned_cnn,efficientnet_b0,temperature_scaled,3,1,4
1,20260606,2,test,lightly_finetuned_cnn,efficientnet_b0,temperature_scaled,3,2,21
1,20260606,2,test,lightly_finetuned_cnn,efficientnet_b0,temperature_scaled,3,3,27
1,20260606,2,val,lightly_finetuned_cnn,efficientnet_b0,raw,1,1,13
1,20260606,2,val,lightly_finetuned_cnn,efficientnet_b0,raw,1,2,14
1,20260606,2,val,lightly_finetuned_cnn,efficientnet_b0,raw,1,3,7
1,20260606,2,val,lightly_finetuned_cnn,efficientnet_b0,raw,2,1,14
1,20260606,2,val,lightly_finetuned_cnn,efficientnet_b0,raw,2,2,49
1,20260606,2,val,lightly_finetuned_cnn,efficientnet_b0,raw,2,3,49
1,20260606,2,val,lightly_finetuned_cnn,efficientnet_b0,raw,3,1,8
1,20260606,2,val,lightly_finetuned_cnn,efficientnet_b0,raw,3,2,15
1,20260606,2,val,lightly_finetuned_cnn,efficientnet_b0,raw,3,3,28
1,20260606,2,val,lightly_finetuned_cnn,efficientnet_b0,temperature_scaled,1,1,13
1,20260606,2,val,lightly_finetuned_cnn,efficientnet_b0,temperature_scaled,1,2,14
1,20260606,2,val,lightly_finetuned_cnn,efficientnet_b0,temperature_scaled,1,3,7
1,20260606,2,val,lightly_finetuned_cnn,efficientnet_b0,temperature_scaled,2,1,14
1,20260606,2,val,lightly_finetuned_cnn,efficientnet_b0,temperature_scaled,2,2,49
1,20260606,2,val,lightly_finetuned_cnn,efficientnet_b0,temperature_scaled,2,3,49
1,20260606,2,val,lightly_finetuned_cnn,efficientnet_b0,temperature_scaled,3,1,8
1,20260606,2,val,lightly_finetuned_cnn,efficientnet_b0,temperature_scaled,3,2,15
1,20260606,2,val,lightly_finetuned_cnn,efficientnet_b0,temperature_scaled,3,3,28
1,20260606,3,test,lightly_finetuned_cnn,efficientnet_b0,raw,1,1,26
1,20260606,3,test,lightly_finetuned_cnn,efficientnet_b0,raw,1,2,7
1,20260606,3,test,lightly_finetuned_cnn,efficientnet_b0,raw,1,3,1
1,20260606,3,test,lightly_finetuned_cnn,efficientnet_b0,raw,2,1,34
1,20260606,3,test,lightly_finetuned_cnn,efficientnet_b0,raw,2,2,48
1,20260606,3,test,lightly_finetuned_cnn,efficientnet_b0,raw,2,3,30
1,20260606,3,test,lightly_finetuned_cnn,efficientnet_b0,raw,3,1,11
1,20260606,3,test,lightly_finetuned_cnn,efficientnet_b0,raw,3,2,18
1,20260606,3,test,lightly_finetuned_cnn,efficientnet_b0,raw,3,3,22
1,20260606,3,test,lightly_finetuned_cnn,efficientnet_b0,temperature_scaled,1,1,26
1,20260606,3,test,lightly_finetuned_cnn,efficientnet_b0,temperature_scaled,1,2,7
1,20260606,3,test,lightly_finetuned_cnn,efficientnet_b0,temperature_scaled,1,3,1
1,20260606,3,test,lightly_finetuned_cnn,efficientnet_b0,temperature_scaled,2,1,34
1,20260606,3,test,lightly_finetuned_cnn,efficientnet_b0,temperature_scaled,2,2,48
1,20260606,3,test,lightly_finetuned_cnn,efficientnet_b0,temperature_scaled,2,3,30
1,20260606,3,test,lightly_finetuned_cnn,efficientnet_b0,temperature_scaled,3,1,11
1,20260606,3,test,lightly_finetuned_cnn,efficientnet_b0,temperature_scaled,3,2,18
1,20260606,3,test,lightly_finetuned_cnn,efficientnet_b0,temperature_scaled,3,3,22
1,20260606,3,val,lightly_finetuned_cnn,efficientnet_b0,raw,1,1,23
1,20260606,3,val,lightly_finetuned_cnn,efficientnet_b0,raw,1,2,8
1,20260606,3,val,lightly_finetuned_cnn,efficientnet_b0,raw,1,3,3
1,20260606,3,val,lightly_finetuned_cnn,efficientnet_b0,raw,2,1,38
1,20260606,3,val,lightly_finetuned_cnn,efficientnet_b0,raw,2,2,51
1,20260606,3,val,lightly_finetuned_cnn,efficientnet_b0,raw,2,3,23
1,20260606,3,val,lightly_finetuned_cnn,efficientnet_b0,raw,3,1,8
1,20260606,3,val,lightly_finetuned_cnn,efficientnet_b0,raw,3,2,14
1,20260606,3,val,lightly_finetuned_cnn,efficientnet_b0,raw,3,3,29
1,20260606,3,val,lightly_finetuned_cnn,efficientnet_b0,temperature_scaled,1,1,23
1,20260606,3,val,lightly_finetuned_cnn,efficientnet_b0,temperature_scaled,1,2,8
1,20260606,3,val,lightly_finetuned_cnn,efficientnet_b0,temperature_scaled,1,3,3
1,20260606,3,val,lightly_finetuned_cnn,efficientnet_b0,temperature_scaled,2,1,38
1,20260606,3,val,lightly_finetuned_cnn,efficientnet_b0,temperature_scaled,2,2,51
1,20260606,3,val,lightly_finetuned_cnn,efficientnet_b0,temperature_scaled,2,3,23
1,20260606,3,val,lightly_finetuned_cnn,efficientnet_b0,temperature_scaled,3,1,8
1,20260606,3,val,lightly_finetuned_cnn,efficientnet_b0,temperature_scaled,3,2,14
1,20260606,3,val,lightly_finetuned_cnn,efficientnet_b0,temperature_scaled,3,3,29
1,20260606,4,test,lightly_finetuned_cnn,efficientnet_b0,raw,1,1,23
1,20260606,4,test,lightly_finetuned_cnn,efficientnet_b0,raw,1,2,9
1,20260606,4,test,lightly_finetuned_cnn,efficientnet_b0,raw,1,3,2
1,20260606,4,test,lightly_finetuned_cnn,efficientnet_b0,raw,2,1,36
1,20260606,4,test,lightly_finetuned_cnn,efficientnet_b0,raw,2,2,43
1,20260606,4,test,lightly_finetuned_cnn,efficientnet_b0,raw,2,3,33
1,20260606,4,test,lightly_finetuned_cnn,efficientnet_b0,raw,3,1,9
1,20260606,4,test,lightly_finetuned_cnn,efficientnet_b0,raw,3,2,15
1,20260606,4,test,lightly_finetuned_cnn,efficientnet_b0,raw,3,3,27
1,20260606,4,test,lightly_finetuned_cnn,efficientnet_b0,temperature_scaled,1,1,23
1,20260606,4,test,lightly_finetuned_cnn,efficientnet_b0,temperature_scaled,1,2,9
1,20260606,4,test,lightly_finetuned_cnn,efficientnet_b0,temperature_scaled,1,3,2
1,20260606,4,test,lightly_finetuned_cnn,efficientnet_b0,temperature_scaled,2,1,36
1,20260606,4,test,lightly_finetuned_cnn,efficientnet_b0,temperature_scaled,2,2,43
1,20260606,4,test,lightly_finetuned_cnn,efficientnet_b0,temperature_scaled,2,3,33
1,20260606,4,test,lightly_finetuned_cnn,efficientnet_b0,temperature_scaled,3,1,9
1,20260606,4,test,lightly_finetuned_cnn,efficientnet_b0,temperature_scaled,3,2,15
1,20260606,4,test,lightly_finetuned_cnn,efficientnet_b0,temperature_scaled,3,3,27
1,20260606,4,val,lightly_finetuned_cnn,efficientnet_b0,raw,1,1,20
1,20260606,4,val,lightly_finetuned_cnn,efficientnet_b0,raw,1,2,8
1,20260606,4,val,lightly_finetuned_cnn,efficientnet_b0,raw,1,3,6
1,20260606,4,val,lightly_finetuned_cnn,efficientnet_b0,raw,2,1,22
1,20260606,4,val,lightly_finetuned_cnn,efficientnet_b0,raw,2,2,57
1,20260606,4,val,lightly_finetuned_cnn,efficientnet_b0,raw,2,3,33
1,20260606,4,val,lightly_finetuned_cnn,efficientnet_b0,raw,3,1,6
1,20260606,4,val,lightly_finetuned_cnn,efficientnet_b0,raw,3,2,16
1,20260606,4,val,lightly_finetuned_cnn,efficientnet_b0,raw,3,3,30
1,20260606,4,val,lightly_finetuned_cnn,efficientnet_b0,temperature_scaled,1,1,20
1,20260606,4,val,lightly_finetuned_cnn,efficientnet_b0,temperature_scaled,1,2,8
1,20260606,4,val,lightly_finetuned_cnn,efficientnet_b0,temperature_scaled,1,3,6
1,20260606,4,val,lightly_finetuned_cnn,efficientnet_b0,temperature_scaled,2,1,22
1,20260606,4,val,lightly_finetuned_cnn,efficientnet_b0,temperature_scaled,2,2,57
1,20260606,4,val,lightly_finetuned_cnn,efficientnet_b0,temperature_scaled,2,3,33
1,20260606,4,val,lightly_finetuned_cnn,efficientnet_b0,temperature_scaled,3,1,6
1,20260606,4,val,lightly_finetuned_cnn,efficientnet_b0,temperature_scaled,3,2,16
1,20260606,4,val,lightly_finetuned_cnn,efficientnet_b0,temperature_scaled,3,3,30
2,20260607,0,test,lightly_finetuned_cnn,efficientnet_b0,raw,1,1,22
2,20260607,0,test,lightly_finetuned_cnn,efficientnet_b0,raw,1,2,10
2,20260607,0,test,lightly_finetuned_cnn,efficientnet_b0,raw,1,3,2
2,20260607,0,test,lightly_finetuned_cnn,efficientnet_b0,raw,2,1,32
2,20260607,0,test,lightly_finetuned_cnn,efficientnet_b0,raw,2,2,46
2,20260607,0,test,lightly_finetuned_cnn,efficientnet_b0,raw,2,3,34
2,20260607,0,test,lightly_finetuned_cnn,efficientnet_b0,raw,3,1,9
2,20260607,0,test,lightly_finetuned_cnn,efficientnet_b0,raw,3,2,18
2,20260607,0,test,lightly_finetuned_cnn,efficientnet_b0,raw,3,3,25
2,20260607,0,test,lightly_finetuned_cnn,efficientnet_b0,temperature_scaled,1,1,22
2,20260607,0,test,lightly_finetuned_cnn,efficientnet_b0,temperature_scaled,1,2,10
2,20260607,0,test,lightly_finetuned_cnn,efficientnet_b0,temperature_scaled,1,3,2
2,20260607,0,test,lightly_finetuned_cnn,efficientnet_b0,temperature_scaled,2,1,32
2,20260607,0,test,lightly_finetuned_cnn,efficientnet_b0,temperature_scaled,2,2,46
2,20260607,0,test,lightly_finetuned_cnn,efficientnet_b0,temperature_scaled,2,3,34
2,20260607,0,test,lightly_finetuned_cnn,efficientnet_b0,temperature_scaled,3,1,9
2,20260607,0,test,lightly_finetuned_cnn,efficientnet_b0,temperature_scaled,3,2,18
2,20260607,0,test,lightly_finetuned_cnn,efficientnet_b0,temperature_scaled,3,3,25
2,20260607,0,val,lightly_finetuned_cnn,efficientnet_b0,raw,1,1,29
2,20260607,0,val,lightly_finetuned_cnn,efficientnet_b0,raw,1,2,3
2,20260607,0,val,lightly_finetuned_cnn,efficientnet_b0,raw,1,3,2
2,20260607,0,val,lightly_finetuned_cnn,efficientnet_b0,raw,2,1,32
2,20260607,0,val,lightly_finetuned_cnn,efficientnet_b0,raw,2,2,56
2,20260607,0,val,lightly_finetuned_cnn,efficientnet_b0,raw,2,3,24
2,20260607,0,val,lightly_finetuned_cnn,efficientnet_b0,raw,3,1,12
2,20260607,0,val,lightly_finetuned_cnn,efficientnet_b0,raw,3,2,17
2,20260607,0,val,lightly_finetuned_cnn,efficientnet_b0,raw,3,3,23
2,20260607,0,val,lightly_finetuned_cnn,efficientnet_b0,temperature_scaled,1,1,29
2,20260607,0,val,lightly_finetuned_cnn,efficientnet_b0,temperature_scaled,1,2,3
2,20260607,0,val,lightly_finetuned_cnn,efficientnet_b0,temperature_scaled,1,3,2
2,20260607,0,val,lightly_finetuned_cnn,efficientnet_b0,temperature_scaled,2,1,32
2,20260607,0,val,lightly_finetuned_cnn,efficientnet_b0,temperature_scaled,2,2,56
2,20260607,0,val,lightly_finetuned_cnn,efficientnet_b0,temperature_scaled,2,3,24
2,20260607,0,val,lightly_finetuned_cnn,efficientnet_b0,temperature_scaled,3,1,12
2,20260607,0,val,lightly_finetuned_cnn,efficientnet_b0,temperature_scaled,3,2,17
2,20260607,0,val,lightly_finetuned_cnn,efficientnet_b0,temperature_scaled,3,3,23
2,20260607,1,test,lightly_finetuned_cnn,efficientnet_b0,raw,1,1,28
2,20260607,1,test,lightly_finetuned_cnn,efficientnet_b0,raw,1,2,3
2,20260607,1,test,lightly_finetuned_cnn,efficientnet_b0,raw,1,3,3
2,20260607,1,test,lightly_finetuned_cnn,efficientnet_b0,raw,2,1,36
2,20260607,1,test,lightly_finetuned_cnn,efficientnet_b0,raw,2,2,45
2,20260607,1,test,lightly_finetuned_cnn,efficientnet_b0,raw,2,3,31
2,20260607,1,test,lightly_finetuned_cnn,efficientnet_b0,raw,3,1,15
2,20260607,1,test,lightly_finetuned_cnn,efficientnet_b0,raw,3,2,16
2,20260607,1,test,lightly_finetuned_cnn,efficientnet_b0,raw,3,3,21
2,20260607,1,test,lightly_finetuned_cnn,efficientnet_b0,temperature_scaled,1,1,28
2,20260607,1,test,lightly_finetuned_cnn,efficientnet_b0,temperature_scaled,1,2,3
2,20260607,1,test,lightly_finetuned_cnn,efficientnet_b0,temperature_scaled,1,3,3
2,20260607,1,test,lightly_finetuned_cnn,efficientnet_b0,temperature_scaled,2,1,36
2,20260607,1,test,lightly_finetuned_cnn,efficientnet_b0,temperature_scaled,2,2,45
2,20260607,1,test,lightly_finetuned_cnn,efficientnet_b0,temperature_scaled,2,3,31
2,20260607,1,test,lightly_finetuned_cnn,efficientnet_b0,temperature_scaled,3,1,15
2,20260607,1,test,lightly_finetuned_cnn,efficientnet_b0,temperature_scaled,3,2,16
2,20260607,1,test,lightly_finetuned_cnn,efficientnet_b0,temperature_scaled,3,3,21
2,20260607,1,val,lightly_finetuned_cnn,efficientnet_b0,raw,1,1,23
2,20260607,1,val,lightly_finetuned_cnn,efficientnet_b0,raw,1,2,7
2,20260607,1,val,lightly_finetuned_cnn,efficientnet_b0,raw,1,3,4
2,20260607,1,val,lightly_finetuned_cnn,efficientnet_b0,raw,2,1,39
2,20260607,1,val,lightly_finetuned_cnn,efficientnet_b0,raw,2,2,52
2,20260607,1,val,lightly_finetuned_cnn,efficientnet_b0,raw,2,3,21
2,20260607,1,val,lightly_finetuned_cnn,efficientnet_b0,raw,3,1,13
2,20260607,1,val,lightly_finetuned_cnn,efficientnet_b0,raw,3,2,13
2,20260607,1,val,lightly_finetuned_cnn,efficientnet_b0,raw,3,3,26
2,20260607,1,val,lightly_finetuned_cnn,efficientnet_b0,temperature_scaled,1,1,23
2,20260607,1,val,lightly_finetuned_cnn,efficientnet_b0,temperature_scaled,1,2,7
2,20260607,1,val,lightly_finetuned_cnn,efficientnet_b0,temperature_scaled,1,3,4
2,20260607,1,val,lightly_finetuned_cnn,efficientnet_b0,temperature_scaled,2,1,39
2,20260607,1,val,lightly_finetuned_cnn,efficientnet_b0,temperature_scaled,2,2,52
2,20260607,1,val,lightly_finetuned_cnn,efficientnet_b0,temperature_scaled,2,3,21
2,20260607,1,val,lightly_finetuned_cnn,efficientnet_b0,temperature_scaled,3,1,13
2,20260607,1,val,lightly_finetuned_cnn,efficientnet_b0,temperature_scaled,3,2,13
2,20260607,1,val,lightly_finetuned_cnn,efficientnet_b0,temperature_scaled,3,3,26
2,20260607,2,test,lightly_finetuned_cnn,efficientnet_b0,raw,1,1,19
2,20260607,2,test,lightly_finetuned_cnn,efficientnet_b0,raw,1,2,12
2,20260607,2,test,lightly_finetuned_cnn,efficientnet_b0,raw,1,3,3
2,20260607,2,test,lightly_finetuned_cnn,efficientnet_b0,raw,2,1,27
2,20260607,2,test,lightly_finetuned_cnn,efficientnet_b0,raw,2,2,55
2,20260607,2,test,lightly_finetuned_cnn,efficientnet_b0,raw,2,3,30
2,20260607,2,test,lightly_finetuned_cnn,efficientnet_b0,raw,3,1,9
2,20260607,2,test,lightly_finetuned_cnn,efficientnet_b0,raw,3,2,16
2,20260607,2,test,lightly_finetuned_cnn,efficientnet_b0,raw,3,3,27
2,20260607,2,test,lightly_finetuned_cnn,efficientnet_b0,temperature_scaled,1,1,19
2,20260607,2,test,lightly_finetuned_cnn,efficientnet_b0,temperature_scaled,1,2,12
2,20260607,2,test,lightly_finetuned_cnn,efficientnet_b0,temperature_scaled,1,3,3
2,20260607,2,test,lightly_finetuned_cnn,efficientnet_b0,temperature_scaled,2,1,27
2,20260607,2,test,lightly_finetuned_cnn,efficientnet_b0,temperature_scaled,2,2,55
2,20260607,2,test,lightly_finetuned_cnn,efficientnet_b0,temperature_scaled,2,3,30
2,20260607,2,test,lightly_finetuned_cnn,efficientnet_b0,temperature_scaled,3,1,9
2,20260607,2,test,lightly_finetuned_cnn,efficientnet_b0,temperature_scaled,3,2,16
2,20260607,2,test,lightly_finetuned_cnn,efficientnet_b0,temperature_scaled,3,3,27
2,20260607,2,val,lightly_finetuned_cnn,efficientnet_b0,raw,1,1,19
2,20260607,2,val,lightly_finetuned_cnn,efficientnet_b0,raw,1,2,11
2,20260607,2,val,lightly_finetuned_cnn,efficientnet_b0,raw,1,3,4
2,20260607,2,val,lightly_finetuned_cnn,efficientnet_b0,raw,2,1,24
2,20260607,2,val,lightly_finetuned_cnn,efficientnet_b0,raw,2,2,53
2,20260607,2,val,lightly_finetuned_cnn,efficientnet_b0,raw,2,3,35
2,20260607,2,val,lightly_finetuned_cnn,efficientnet_b0,raw,3,1,7
2,20260607,2,val,lightly_finetuned_cnn,efficientnet_b0,raw,3,2,14
2,20260607,2,val,lightly_finetuned_cnn,efficientnet_b0,raw,3,3,30
2,20260607,2,val,lightly_finetuned_cnn,efficientnet_b0,temperature_scaled,1,1,19
2,20260607,2,val,lightly_finetuned_cnn,efficientnet_b0,temperature_scaled,1,2,11
2,20260607,2,val,lightly_finetuned_cnn,efficientnet_b0,temperature_scaled,1,3,4
2,20260607,2,val,lightly_finetuned_cnn,efficientnet_b0,temperature_scaled,2,1,24
2,20260607,2,val,lightly_finetuned_cnn,efficientnet_b0,temperature_scaled,2,2,53
2,20260607,2,val,lightly_finetuned_cnn,efficientnet_b0,temperature_scaled,2,3,35
2,20260607,2,val,lightly_finetuned_cnn,efficientnet_b0,temperature_scaled,3,1,7
2,20260607,2,val,lightly_finetuned_cnn,efficientnet_b0,temperature_scaled,3,2,14
2,20260607,2,val,lightly_finetuned_cnn,efficientnet_b0,temperature_scaled,3,3,30
2,20260607,3,test,lightly_finetuned_cnn,efficientnet_b0,raw,1,1,19
2,20260607,3,test,lightly_finetuned_cnn,efficientnet_b0,raw,1,2,12
2,20260607,3,test,lightly_finetuned_cnn,efficientnet_b0,raw,1,3,3
2,20260607,3,test,lightly_finetuned_cnn,efficientnet_b0,raw,2,1,26
2,20260607,3,test,lightly_finetuned_cnn,efficientnet_b0,raw,2,2,38
2,20260607,3,test,lightly_finetuned_cnn,efficientnet_b0,raw,2,3,48
2,20260607,3,test,lightly_finetuned_cnn,efficientnet_b0,raw,3,1,8
2,20260607,3,test,lightly_finetuned_cnn,efficientnet_b0,raw,3,2,15
2,20260607,3,test,lightly_finetuned_cnn,efficientnet_b0,raw,3,3,28
2,20260607,3,test,lightly_finetuned_cnn,efficientnet_b0,temperature_scaled,1,1,19
2,20260607,3,test,lightly_finetuned_cnn,efficientnet_b0,temperature_scaled,1,2,12
2,20260607,3,test,lightly_finetuned_cnn,efficientnet_b0,temperature_scaled,1,3,3
2,20260607,3,test,lightly_finetuned_cnn,efficientnet_b0,temperature_scaled,2,1,26
2,20260607,3,test,lightly_finetuned_cnn,efficientnet_b0,temperature_scaled,2,2,38
2,20260607,3,test,lightly_finetuned_cnn,efficientnet_b0,temperature_scaled,2,3,48
2,20260607,3,test,lightly_finetuned_cnn,efficientnet_b0,temperature_scaled,3,1,8
2,20260607,3,test,lightly_finetuned_cnn,efficientnet_b0,temperature_scaled,3,2,15
2,20260607,3,test,lightly_finetuned_cnn,efficientnet_b0,temperature_scaled,3,3,28
2,20260607,3,val,lightly_finetuned_cnn,efficientnet_b0,raw,1,1,20
2,20260607,3,val,lightly_finetuned_cnn,efficientnet_b0,raw,1,2,10
2,20260607,3,val,lightly_finetuned_cnn,efficientnet_b0,raw,1,3,4
2,20260607,3,val,lightly_finetuned_cnn,efficientnet_b0,raw,2,1,29
2,20260607,3,val,lightly_finetuned_cnn,efficientnet_b0,raw,2,2,46
2,20260607,3,val,lightly_finetuned_cnn,efficientnet_b0,raw,2,3,37
2,20260607,3,val,lightly_finetuned_cnn,efficientnet_b0,raw,3,1,11
2,20260607,3,val,lightly_finetuned_cnn,efficientnet_b0,raw,3,2,13
2,20260607,3,val,lightly_finetuned_cnn,efficientnet_b0,raw,3,3,27
2,20260607,3,val,lightly_finetuned_cnn,efficientnet_b0,temperature_scaled,1,1,20
2,20260607,3,val,lightly_finetuned_cnn,efficientnet_b0,temperature_scaled,1,2,10
2,20260607,3,val,lightly_finetuned_cnn,efficientnet_b0,temperature_scaled,1,3,4
2,20260607,3,val,lightly_finetuned_cnn,efficientnet_b0,temperature_scaled,2,1,29
2,20260607,3,val,lightly_finetuned_cnn,efficientnet_b0,temperature_scaled,2,2,46
2,20260607,3,val,lightly_finetuned_cnn,efficientnet_b0,temperature_scaled,2,3,37
2,20260607,3,val,lightly_finetuned_cnn,efficientnet_b0,temperature_scaled,3,1,11
2,20260607,3,val,lightly_finetuned_cnn,efficientnet_b0,temperature_scaled,3,2,13
2,20260607,3,val,lightly_finetuned_cnn,efficientnet_b0,temperature_scaled,3,3,27
2,20260607,4,test,lightly_finetuned_cnn,efficientnet_b0,raw,1,1,23
2,20260607,4,test,lightly_finetuned_cnn,efficientnet_b0,raw,1,2,8
2,20260607,4,test,lightly_finetuned_cnn,efficientnet_b0,raw,1,3,3
2,20260607,4,test,lightly_finetuned_cnn,efficientnet_b0,raw,2,1,33
2,20260607,4,test,lightly_finetuned_cnn,efficientnet_b0,raw,2,2,52
2,20260607,4,test,lightly_finetuned_cnn,efficientnet_b0,raw,2,3,27
2,20260607,4,test,lightly_finetuned_cnn,efficientnet_b0,raw,3,1,13
2,20260607,4,test,lightly_finetuned_cnn,efficientnet_b0,raw,3,2,17
2,20260607,4,test,lightly_finetuned_cnn,efficientnet_b0,raw,3,3,21
2,20260607,4,test,lightly_finetuned_cnn,efficientnet_b0,temperature_scaled,1,1,23
2,20260607,4,test,lightly_finetuned_cnn,efficientnet_b0,temperature_scaled,1,2,8
2,20260607,4,test,lightly_finetuned_cnn,efficientnet_b0,temperature_scaled,1,3,3
2,20260607,4,test,lightly_finetuned_cnn,efficientnet_b0,temperature_scaled,2,1,33
2,20260607,4,test,lightly_finetuned_cnn,efficientnet_b0,temperature_scaled,2,2,52
2,20260607,4,test,lightly_finetuned_cnn,efficientnet_b0,temperature_scaled,2,3,27
2,20260607,4,test,lightly_finetuned_cnn,efficientnet_b0,temperature_scaled,3,1,13
2,20260607,4,test,lightly_finetuned_cnn,efficientnet_b0,temperature_scaled,3,2,17
2,20260607,4,test,lightly_finetuned_cnn,efficientnet_b0,temperature_scaled,3,3,21
2,20260607,4,val,lightly_finetuned_cnn,efficientnet_b0,raw,1,1,22
2,20260607,4,val,lightly_finetuned_cnn,efficientnet_b0,raw,1,2,8
2,20260607,4,val,lightly_finetuned_cnn,efficientnet_b0,raw,1,3,4
2,20260607,4,val,lightly_finetuned_cnn,efficientnet_b0,raw,2,1,35
2,20260607,4,val,lightly_finetuned_cnn,efficientnet_b0,raw,2,2,52
2,20260607,4,val,lightly_finetuned_cnn,efficientnet_b0,raw,2,3,25
2,20260607,4,val,lightly_finetuned_cnn,efficientnet_b0,raw,3,1,6
2,20260607,4,val,lightly_finetuned_cnn,efficientnet_b0,raw,3,2,17
2,20260607,4,val,lightly_finetuned_cnn,efficientnet_b0,raw,3,3,29
2,20260607,4,val,lightly_finetuned_cnn,efficientnet_b0,temperature_scaled,1,1,22
2,20260607,4,val,lightly_finetuned_cnn,efficientnet_b0,temperature_scaled,1,2,8
2,20260607,4,val,lightly_finetuned_cnn,efficientnet_b0,temperature_scaled,1,3,4
2,20260607,4,val,lightly_finetuned_cnn,efficientnet_b0,temperature_scaled,2,1,35
2,20260607,4,val,lightly_finetuned_cnn,efficientnet_b0,temperature_scaled,2,2,52
2,20260607,4,val,lightly_finetuned_cnn,efficientnet_b0,temperature_scaled,2,3,25
2,20260607,4,val,lightly_finetuned_cnn,efficientnet_b0,temperature_scaled,3,1,6
2,20260607,4,val,lightly_finetuned_cnn,efficientnet_b0,temperature_scaled,3,2,17
2,20260607,4,val,lightly_finetuned_cnn,efficientnet_b0,temperature_scaled,3,3,29
3,20260608,0,test,lightly_finetuned_cnn,efficientnet_b0,raw,1,1,25
3,20260608,0,test,lightly_finetuned_cnn,efficientnet_b0,raw,1,2,5
3,20260608,0,test,lightly_finetuned_cnn,efficientnet_b0,raw,1,3,4
3,20260608,0,test,lightly_finetuned_cnn,efficientnet_b0,raw,2,1,28
3,20260608,0,test,lightly_finetuned_cnn,efficientnet_b0,raw,2,2,46
3,20260608,0,test,lightly_finetuned_cnn,efficientnet_b0,raw,2,3,38
3,20260608,0,test,lightly_finetuned_cnn,efficientnet_b0,raw,3,1,7
3,20260608,0,test,lightly_finetuned_cnn,efficientnet_b0,raw,3,2,15
3,20260608,0,test,lightly_finetuned_cnn,efficientnet_b0,raw,3,3,30
3,20260608,0,test,lightly_finetuned_cnn,efficientnet_b0,temperature_scaled,1,1,25
3,20260608,0,test,lightly_finetuned_cnn,efficientnet_b0,temperature_scaled,1,2,5
3,20260608,0,test,lightly_finetuned_cnn,efficientnet_b0,temperature_scaled,1,3,4
3,20260608,0,test,lightly_finetuned_cnn,efficientnet_b0,temperature_scaled,2,1,28
3,20260608,0,test,lightly_finetuned_cnn,efficientnet_b0,temperature_scaled,2,2,46
3,20260608,0,test,lightly_finetuned_cnn,efficientnet_b0,temperature_scaled,2,3,38
3,20260608,0,test,lightly_finetuned_cnn,efficientnet_b0,temperature_scaled,3,1,7
3,20260608,0,test,lightly_finetuned_cnn,efficientnet_b0,temperature_scaled,3,2,15
3,20260608,0,test,lightly_finetuned_cnn,efficientnet_b0,temperature_scaled,3,3,30
3,20260608,0,val,lightly_finetuned_cnn,efficientnet_b0,raw,1,1,24
3,20260608,0,val,lightly_finetuned_cnn,efficientnet_b0,raw,1,2,6
3,20260608,0,val,lightly_finetuned_cnn,efficientnet_b0,raw,1,3,4
3,20260608,0,val,lightly_finetuned_cnn,efficientnet_b0,raw,2,1,44
3,20260608,0,val,lightly_finetuned_cnn,efficientnet_b0,raw,2,2,43
3,20260608,0,val,lightly_finetuned_cnn,efficientnet_b0,raw,2,3,25
3,20260608,0,val,lightly_finetuned_cnn,efficientnet_b0,raw,3,1,14
3,20260608,0,val,lightly_finetuned_cnn,efficientnet_b0,raw,3,2,15
3,20260608,0,val,lightly_finetuned_cnn,efficientnet_b0,raw,3,3,23
3,20260608,0,val,lightly_finetuned_cnn,efficientnet_b0,temperature_scaled,1,1,24
3,20260608,0,val,lightly_finetuned_cnn,efficientnet_b0,temperature_scaled,1,2,6
3,20260608,0,val,lightly_finetuned_cnn,efficientnet_b0,temperature_scaled,1,3,4
3,20260608,0,val,lightly_finetuned_cnn,efficientnet_b0,temperature_scaled,2,1,44
3,20260608,0,val,lightly_finetuned_cnn,efficientnet_b0,temperature_scaled,2,2,43
3,20260608,0,val,lightly_finetuned_cnn,efficientnet_b0,temperature_scaled,2,3,25
3,20260608,0,val,lightly_finetuned_cnn,efficientnet_b0,temperature_scaled,3,1,14
3,20260608,0,val,lightly_finetuned_cnn,efficientnet_b0,temperature_scaled,3,2,15
3,20260608,0,val,lightly_finetuned_cnn,efficientnet_b0,temperature_scaled,3,3,23
3,20260608,1,test,lightly_finetuned_cnn,efficientnet_b0,raw,1,1,21
3,20260608,1,test,lightly_finetuned_cnn,efficientnet_b0,raw,1,2,10
3,20260608,1,test,lightly_finetuned_cnn,efficientnet_b0,raw,1,3,3
3,20260608,1,test,lightly_finetuned_cnn,efficientnet_b0,raw,2,1,46
3,20260608,1,test,lightly_finetuned_cnn,efficientnet_b0,raw,2,2,49
3,20260608,1,test,lightly_finetuned_cnn,efficientnet_b0,raw,2,3,17
3,20260608,1,test,lightly_finetuned_cnn,efficientnet_b0,raw,3,1,14
3,20260608,1,test,lightly_finetuned_cnn,efficientnet_b0,raw,3,2,14
3,20260608,1,test,lightly_finetuned_cnn,efficientnet_b0,raw,3,3,24
3,20260608,1,test,lightly_finetuned_cnn,efficientnet_b0,temperature_scaled,1,1,21
3,20260608,1,test,lightly_finetuned_cnn,efficientnet_b0,temperature_scaled,1,2,10
3,20260608,1,test,lightly_finetuned_cnn,efficientnet_b0,temperature_scaled,1,3,3
3,20260608,1,test,lightly_finetuned_cnn,efficientnet_b0,temperature_scaled,2,1,46
3,20260608,1,test,lightly_finetuned_cnn,efficientnet_b0,temperature_scaled,2,2,49
3,20260608,1,test,lightly_finetuned_cnn,efficientnet_b0,temperature_scaled,2,3,17
3,20260608,1,test,lightly_finetuned_cnn,efficientnet_b0,temperature_scaled,3,1,14
3,20260608,1,test,lightly_finetuned_cnn,efficientnet_b0,temperature_scaled,3,2,14
3,20260608,1,test,lightly_finetuned_cnn,efficientnet_b0,temperature_scaled,3,3,24
3,20260608,1,val,lightly_finetuned_cnn,efficientnet_b0,raw,1,1,29
3,20260608,1,val,lightly_finetuned_cnn,efficientnet_b0,raw,1,2,4
3,20260608,1,val,lightly_finetuned_cnn,efficientnet_b0,raw,1,3,1
3,20260608,1,val,lightly_finetuned_cnn,efficientnet_b0,raw,2,1,35
3,20260608,1,val,lightly_finetuned_cnn,efficientnet_b0,raw,2,2,49
3,20260608,1,val,lightly_finetuned_cnn,efficientnet_b0,raw,2,3,28
3,20260608,1,val,lightly_finetuned_cnn,efficientnet_b0,raw,3,1,12
3,20260608,1,val,lightly_finetuned_cnn,efficientnet_b0,raw,3,2,14
3,20260608,1,val,lightly_finetuned_cnn,efficientnet_b0,raw,3,3,26
3,20260608,1,val,lightly_finetuned_cnn,efficientnet_b0,temperature_scaled,1,1,29
3,20260608,1,val,lightly_finetuned_cnn,efficientnet_b0,temperature_scaled,1,2,4
3,20260608,1,val,lightly_finetuned_cnn,efficientnet_b0,temperature_scaled,1,3,1
3,20260608,1,val,lightly_finetuned_cnn,efficientnet_b0,temperature_scaled,2,1,35
3,20260608,1,val,lightly_finetuned_cnn,efficientnet_b0,temperature_scaled,2,2,49
3,20260608,1,val,lightly_finetuned_cnn,efficientnet_b0,temperature_scaled,2,3,28
3,20260608,1,val,lightly_finetuned_cnn,efficientnet_b0,temperature_scaled,3,1,12
3,20260608,1,val,lightly_finetuned_cnn,efficientnet_b0,temperature_scaled,3,2,14
3,20260608,1,val,lightly_finetuned_cnn,efficientnet_b0,temperature_scaled,3,3,26
3,20260608,2,test,lightly_finetuned_cnn,efficientnet_b0,raw,1,1,26
3,20260608,2,test,lightly_finetuned_cnn,efficientnet_b0,raw,1,2,5
3,20260608,2,test,lightly_finetuned_cnn,efficientnet_b0,raw,1,3,3
3,20260608,2,test,lightly_finetuned_cnn,efficientnet_b0,raw,2,1,28
3,20260608,2,test,lightly_finetuned_cnn,efficientnet_b0,raw,2,2,59
3,20260608,2,test,lightly_finetuned_cnn,efficientnet_b0,raw,2,3,25
3,20260608,2,test,lightly_finetuned_cnn,efficientnet_b0,raw,3,1,10
3,20260608,2,test,lightly_finetuned_cnn,efficientnet_b0,raw,3,2,19
3,20260608,2,test,lightly_finetuned_cnn,efficientnet_b0,raw,3,3,23
3,20260608,2,test,lightly_finetuned_cnn,efficientnet_b0,temperature_scaled,1,1,26
3,20260608,2,test,lightly_finetuned_cnn,efficientnet_b0,temperature_scaled,1,2,5
3,20260608,2,test,lightly_finetuned_cnn,efficientnet_b0,temperature_scaled,1,3,3
3,20260608,2,test,lightly_finetuned_cnn,efficientnet_b0,temperature_scaled,2,1,28
3,20260608,2,test,lightly_finetuned_cnn,efficientnet_b0,temperature_scaled,2,2,59
3,20260608,2,test,lightly_finetuned_cnn,efficientnet_b0,temperature_scaled,2,3,25
3,20260608,2,test,lightly_finetuned_cnn,efficientnet_b0,temperature_scaled,3,1,10
3,20260608,2,test,lightly_finetuned_cnn,efficientnet_b0,temperature_scaled,3,2,19
3,20260608,2,test,lightly_finetuned_cnn,efficientnet_b0,temperature_scaled,3,3,23
3,20260608,2,val,lightly_finetuned_cnn,efficientnet_b0,raw,1,1,15
3,20260608,2,val,lightly_finetuned_cnn,efficientnet_b0,raw,1,2,13
3,20260608,2,val,lightly_finetuned_cnn,efficientnet_b0,raw,1,3,6
3,20260608,2,val,lightly_finetuned_cnn,efficientnet_b0,raw,2,1,23
3,20260608,2,val,lightly_finetuned_cnn,efficientnet_b0,raw,2,2,52
3,20260608,2,val,lightly_finetuned_cnn,efficientnet_b0,raw,2,3,37
3,20260608,2,val,lightly_finetuned_cnn,efficientnet_b0,raw,3,1,3
3,20260608,2,val,lightly_finetuned_cnn,efficientnet_b0,raw,3,2,9
3,20260608,2,val,lightly_finetuned_cnn,efficientnet_b0,raw,3,3,39
3,20260608,2,val,lightly_finetuned_cnn,efficientnet_b0,temperature_scaled,1,1,15
3,20260608,2,val,lightly_finetuned_cnn,efficientnet_b0,temperature_scaled,1,2,13
3,20260608,2,val,lightly_finetuned_cnn,efficientnet_b0,temperature_scaled,1,3,6
3,20260608,2,val,lightly_finetuned_cnn,efficientnet_b0,temperature_scaled,2,1,23
3,20260608,2,val,lightly_finetuned_cnn,efficientnet_b0,temperature_scaled,2,2,52
3,20260608,2,val,lightly_finetuned_cnn,efficientnet_b0,temperature_scaled,2,3,37
3,20260608,2,val,lightly_finetuned_cnn,efficientnet_b0,temperature_scaled,3,1,3
3,20260608,2,val,lightly_finetuned_cnn,efficientnet_b0,temperature_scaled,3,2,9
3,20260608,2,val,lightly_finetuned_cnn,efficientnet_b0,temperature_scaled,3,3,39
3,20260608,3,test,lightly_finetuned_cnn,efficientnet_b0,raw,1,1,18
3,20260608,3,test,lightly_finetuned_cnn,efficientnet_b0,raw,1,2,11
3,20260608,3,test,lightly_finetuned_cnn,efficientnet_b0,raw,1,3,5
3,20260608,3,test,lightly_finetuned_cnn,efficientnet_b0,raw,2,1,32
3,20260608,3,test,lightly_finetuned_cnn,efficientnet_b0,raw,2,2,44
3,20260608,3,test,lightly_finetuned_cnn,efficientnet_b0,raw,2,3,36
3,20260608,3,test,lightly_finetuned_cnn,efficientnet_b0,raw,3,1,10
3,20260608,3,test,lightly_finetuned_cnn,efficientnet_b0,raw,3,2,10
3,20260608,3,test,lightly_finetuned_cnn,efficientnet_b0,raw,3,3,31
3,20260608,3,test,lightly_finetuned_cnn,efficientnet_b0,temperature_scaled,1,1,18
3,20260608,3,test,lightly_finetuned_cnn,efficientnet_b0,temperature_scaled,1,2,11
3,20260608,3,test,lightly_finetuned_cnn,efficientnet_b0,temperature_scaled,1,3,5
3,20260608,3,test,lightly_finetuned_cnn,efficientnet_b0,temperature_scaled,2,1,32
3,20260608,3,test,lightly_finetuned_cnn,efficientnet_b0,temperature_scaled,2,2,44
3,20260608,3,test,lightly_finetuned_cnn,efficientnet_b0,temperature_scaled,2,3,36
3,20260608,3,test,lightly_finetuned_cnn,efficientnet_b0,temperature_scaled,3,1,10
3,20260608,3,test,lightly_finetuned_cnn,efficientnet_b0,temperature_scaled,3,2,10
3,20260608,3,test,lightly_finetuned_cnn,efficientnet_b0,temperature_scaled,3,3,31
3,20260608,3,val,lightly_finetuned_cnn,efficientnet_b0,raw,1,1,27
3,20260608,3,val,lightly_finetuned_cnn,efficientnet_b0,raw,1,2,4
3,20260608,3,val,lightly_finetuned_cnn,efficientnet_b0,raw,1,3,3
3,20260608,3,val,lightly_finetuned_cnn,efficientnet_b0,raw,2,1,39
3,20260608,3,val,lightly_finetuned_cnn,efficientnet_b0,raw,2,2,44
3,20260608,3,val,lightly_finetuned_cnn,efficientnet_b0,raw,2,3,29
3,20260608,3,val,lightly_finetuned_cnn,efficientnet_b0,raw,3,1,9
3,20260608,3,val,lightly_finetuned_cnn,efficientnet_b0,raw,3,2,16
3,20260608,3,val,lightly_finetuned_cnn,efficientnet_b0,raw,3,3,26
3,20260608,3,val,lightly_finetuned_cnn,efficientnet_b0,temperature_scaled,1,1,27
3,20260608,3,val,lightly_finetuned_cnn,efficientnet_b0,temperature_scaled,1,2,4
3,20260608,3,val,lightly_finetuned_cnn,efficientnet_b0,temperature_scaled,1,3,3
3,20260608,3,val,lightly_finetuned_cnn,efficientnet_b0,temperature_scaled,2,1,39
3,20260608,3,val,lightly_finetuned_cnn,efficientnet_b0,temperature_scaled,2,2,44
3,20260608,3,val,lightly_finetuned_cnn,efficientnet_b0,temperature_scaled,2,3,29
3,20260608,3,val,lightly_finetuned_cnn,efficientnet_b0,temperature_scaled,3,1,9
3,20260608,3,val,lightly_finetuned_cnn,efficientnet_b0,temperature_scaled,3,2,16
3,20260608,3,val,lightly_finetuned_cnn,efficientnet_b0,temperature_scaled,3,3,26
3,20260608,4,test,lightly_finetuned_cnn,efficientnet_b0,raw,1,1,27
3,20260608,4,test,lightly_finetuned_cnn,efficientnet_b0,raw,1,2,5
3,20260608,4,test,lightly_finetuned_cnn,efficientnet_b0,raw,1,3,2
3,20260608,4,test,lightly_finetuned_cnn,efficientnet_b0,raw,2,1,41
3,20260608,4,test,lightly_finetuned_cnn,efficientnet_b0,raw,2,2,42
3,20260608,4,test,lightly_finetuned_cnn,efficientnet_b0,raw,2,3,29
3,20260608,4,test,lightly_finetuned_cnn,efficientnet_b0,raw,3,1,9
3,20260608,4,test,lightly_finetuned_cnn,efficientnet_b0,raw,3,2,14
3,20260608,4,test,lightly_finetuned_cnn,efficientnet_b0,raw,3,3,28
3,20260608,4,test,lightly_finetuned_cnn,efficientnet_b0,temperature_scaled,1,1,27
3,20260608,4,test,lightly_finetuned_cnn,efficientnet_b0,temperature_scaled,1,2,5
3,20260608,4,test,lightly_finetuned_cnn,efficientnet_b0,temperature_scaled,1,3,2
3,20260608,4,test,lightly_finetuned_cnn,efficientnet_b0,temperature_scaled,2,1,41
3,20260608,4,test,lightly_finetuned_cnn,efficientnet_b0,temperature_scaled,2,2,42
3,20260608,4,test,lightly_finetuned_cnn,efficientnet_b0,temperature_scaled,2,3,29
3,20260608,4,test,lightly_finetuned_cnn,efficientnet_b0,temperature_scaled,3,1,9
3,20260608,4,test,lightly_finetuned_cnn,efficientnet_b0,temperature_scaled,3,2,14
3,20260608,4,test,lightly_finetuned_cnn,efficientnet_b0,temperature_scaled,3,3,28
3,20260608,4,val,lightly_finetuned_cnn,efficientnet_b0,raw,1,1,23
3,20260608,4,val,lightly_finetuned_cnn,efficientnet_b0,raw,1,2,10
3,20260608,4,val,lightly_finetuned_cnn,efficientnet_b0,raw,1,3,1
3,20260608,4,val,lightly_finetuned_cnn,efficientnet_b0,raw,2,1,33
3,20260608,4,val,lightly_finetuned_cnn,efficientnet_b0,raw,2,2,51
3,20260608,4,val,lightly_finetuned_cnn,efficientnet_b0,raw,2,3,28
3,20260608,4,val,lightly_finetuned_cnn,efficientnet_b0,raw,3,1,10
3,20260608,4,val,lightly_finetuned_cnn,efficientnet_b0,raw,3,2,11
3,20260608,4,val,lightly_finetuned_cnn,efficientnet_b0,raw,3,3,31
3,20260608,4,val,lightly_finetuned_cnn,efficientnet_b0,temperature_scaled,1,1,23
3,20260608,4,val,lightly_finetuned_cnn,efficientnet_b0,temperature_scaled,1,2,10
3,20260608,4,val,lightly_finetuned_cnn,efficientnet_b0,temperature_scaled,1,3,1
3,20260608,4,val,lightly_finetuned_cnn,efficientnet_b0,temperature_scaled,2,1,33
3,20260608,4,val,lightly_finetuned_cnn,efficientnet_b0,temperature_scaled,2,2,51
3,20260608,4,val,lightly_finetuned_cnn,efficientnet_b0,temperature_scaled,2,3,28
3,20260608,4,val,lightly_finetuned_cnn,efficientnet_b0,temperature_scaled,3,1,10
3,20260608,4,val,lightly_finetuned_cnn,efficientnet_b0,temperature_scaled,3,2,11
3,20260608,4,val,lightly_finetuned_cnn,efficientnet_b0,temperature_scaled,3,3,31
