repeat,seed,fold,eval_split,model,encoder,probability_mode,true_label,pred_label,count
1,20260606,0,test,tile_frozen_encoder_logistic,efficientnet_b0_tiles_meanmax,raw,1,1,15
1,20260606,0,test,tile_frozen_encoder_logistic,efficientnet_b0_tiles_meanmax,raw,1,2,15
1,20260606,0,test,tile_frozen_encoder_logistic,efficientnet_b0_tiles_meanmax,raw,1,3,4
1,20260606,0,test,tile_frozen_encoder_logistic,efficientnet_b0_tiles_meanmax,raw,2,1,10
1,20260606,0,test,tile_frozen_encoder_logistic,efficientnet_b0_tiles_meanmax,raw,2,2,81
1,20260606,0,test,tile_frozen_encoder_logistic,efficientnet_b0_tiles_meanmax,raw,2,3,21
1,20260606,0,test,tile_frozen_encoder_logistic,efficientnet_b0_tiles_meanmax,raw,3,1,1
1,20260606,0,test,tile_frozen_encoder_logistic,efficientnet_b0_tiles_meanmax,raw,3,2,25
1,20260606,0,test,tile_frozen_encoder_logistic,efficientnet_b0_tiles_meanmax,raw,3,3,26
1,20260606,0,test,tile_frozen_encoder_logistic,efficientnet_b0_tiles_meanmax,temperature_scaled,1,1,15
1,20260606,0,test,tile_frozen_encoder_logistic,efficientnet_b0_tiles_meanmax,temperature_scaled,1,2,15
1,20260606,0,test,tile_frozen_encoder_logistic,efficientnet_b0_tiles_meanmax,temperature_scaled,1,3,4
1,20260606,0,test,tile_frozen_encoder_logistic,efficientnet_b0_tiles_meanmax,temperature_scaled,2,1,10
1,20260606,0,test,tile_frozen_encoder_logistic,efficientnet_b0_tiles_meanmax,temperature_scaled,2,2,81
1,20260606,0,test,tile_frozen_encoder_logistic,efficientnet_b0_tiles_meanmax,temperature_scaled,2,3,21
1,20260606,0,test,tile_frozen_encoder_logistic,efficientnet_b0_tiles_meanmax,temperature_scaled,3,1,1
1,20260606,0,test,tile_frozen_encoder_logistic,efficientnet_b0_tiles_meanmax,temperature_scaled,3,2,25
1,20260606,0,test,tile_frozen_encoder_logistic,efficientnet_b0_tiles_meanmax,temperature_scaled,3,3,26
1,20260606,0,val,tile_frozen_encoder_logistic,efficientnet_b0_tiles_meanmax,raw,1,1,13
1,20260606,0,val,tile_frozen_encoder_logistic,efficientnet_b0_tiles_meanmax,raw,1,2,18
1,20260606,0,val,tile_frozen_encoder_logistic,efficientnet_b0_tiles_meanmax,raw,1,3,3
1,20260606,0,val,tile_frozen_encoder_logistic,efficientnet_b0_tiles_meanmax,raw,2,1,15
1,20260606,0,val,tile_frozen_encoder_logistic,efficientnet_b0_tiles_meanmax,raw,2,2,71
1,20260606,0,val,tile_frozen_encoder_logistic,efficientnet_b0_tiles_meanmax,raw,2,3,26
1,20260606,0,val,tile_frozen_encoder_logistic,efficientnet_b0_tiles_meanmax,raw,3,1,6
1,20260606,0,val,tile_frozen_encoder_logistic,efficientnet_b0_tiles_meanmax,raw,3,2,21
1,20260606,0,val,tile_frozen_encoder_logistic,efficientnet_b0_tiles_meanmax,raw,3,3,25
1,20260606,0,val,tile_frozen_encoder_logistic,efficientnet_b0_tiles_meanmax,temperature_scaled,1,1,13
1,20260606,0,val,tile_frozen_encoder_logistic,efficientnet_b0_tiles_meanmax,temperature_scaled,1,2,18
1,20260606,0,val,tile_frozen_encoder_logistic,efficientnet_b0_tiles_meanmax,temperature_scaled,1,3,3
1,20260606,0,val,tile_frozen_encoder_logistic,efficientnet_b0_tiles_meanmax,temperature_scaled,2,1,15
1,20260606,0,val,tile_frozen_encoder_logistic,efficientnet_b0_tiles_meanmax,temperature_scaled,2,2,71
1,20260606,0,val,tile_frozen_encoder_logistic,efficientnet_b0_tiles_meanmax,temperature_scaled,2,3,26
1,20260606,0,val,tile_frozen_encoder_logistic,efficientnet_b0_tiles_meanmax,temperature_scaled,3,1,6
1,20260606,0,val,tile_frozen_encoder_logistic,efficientnet_b0_tiles_meanmax,temperature_scaled,3,2,21
1,20260606,0,val,tile_frozen_encoder_logistic,efficientnet_b0_tiles_meanmax,temperature_scaled,3,3,25
1,20260606,1,test,tile_frozen_encoder_logistic,efficientnet_b0_tiles_meanmax,raw,1,1,12
1,20260606,1,test,tile_frozen_encoder_logistic,efficientnet_b0_tiles_meanmax,raw,1,2,20
1,20260606,1,test,tile_frozen_encoder_logistic,efficientnet_b0_tiles_meanmax,raw,1,3,2
1,20260606,1,test,tile_frozen_encoder_logistic,efficientnet_b0_tiles_meanmax,raw,2,1,11
1,20260606,1,test,tile_frozen_encoder_logistic,efficientnet_b0_tiles_meanmax,raw,2,2,72
1,20260606,1,test,tile_frozen_encoder_logistic,efficientnet_b0_tiles_meanmax,raw,2,3,29
1,20260606,1,test,tile_frozen_encoder_logistic,efficientnet_b0_tiles_meanmax,raw,3,1,5
1,20260606,1,test,tile_frozen_encoder_logistic,efficientnet_b0_tiles_meanmax,raw,3,2,26
1,20260606,1,test,tile_frozen_encoder_logistic,efficientnet_b0_tiles_meanmax,raw,3,3,21
1,20260606,1,test,tile_frozen_encoder_logistic,efficientnet_b0_tiles_meanmax,temperature_scaled,1,1,12
1,20260606,1,test,tile_frozen_encoder_logistic,efficientnet_b0_tiles_meanmax,temperature_scaled,1,2,20
1,20260606,1,test,tile_frozen_encoder_logistic,efficientnet_b0_tiles_meanmax,temperature_scaled,1,3,2
1,20260606,1,test,tile_frozen_encoder_logistic,efficientnet_b0_tiles_meanmax,temperature_scaled,2,1,11
1,20260606,1,test,tile_frozen_encoder_logistic,efficientnet_b0_tiles_meanmax,temperature_scaled,2,2,72
1,20260606,1,test,tile_frozen_encoder_logistic,efficientnet_b0_tiles_meanmax,temperature_scaled,2,3,29
1,20260606,1,test,tile_frozen_encoder_logistic,efficientnet_b0_tiles_meanmax,temperature_scaled,3,1,5
1,20260606,1,test,tile_frozen_encoder_logistic,efficientnet_b0_tiles_meanmax,temperature_scaled,3,2,26
1,20260606,1,test,tile_frozen_encoder_logistic,efficientnet_b0_tiles_meanmax,temperature_scaled,3,3,21
1,20260606,1,val,tile_frozen_encoder_logistic,efficientnet_b0_tiles_meanmax,raw,1,1,18
1,20260606,1,val,tile_frozen_encoder_logistic,efficientnet_b0_tiles_meanmax,raw,1,2,10
1,20260606,1,val,tile_frozen_encoder_logistic,efficientnet_b0_tiles_meanmax,raw,1,3,6
1,20260606,1,val,tile_frozen_encoder_logistic,efficientnet_b0_tiles_meanmax,raw,2,1,19
1,20260606,1,val,tile_frozen_encoder_logistic,efficientnet_b0_tiles_meanmax,raw,2,2,70
1,20260606,1,val,tile_frozen_encoder_logistic,efficientnet_b0_tiles_meanmax,raw,2,3,23
1,20260606,1,val,tile_frozen_encoder_logistic,efficientnet_b0_tiles_meanmax,raw,3,1,2
1,20260606,1,val,tile_frozen_encoder_logistic,efficientnet_b0_tiles_meanmax,raw,3,2,25
1,20260606,1,val,tile_frozen_encoder_logistic,efficientnet_b0_tiles_meanmax,raw,3,3,25
1,20260606,1,val,tile_frozen_encoder_logistic,efficientnet_b0_tiles_meanmax,temperature_scaled,1,1,18
1,20260606,1,val,tile_frozen_encoder_logistic,efficientnet_b0_tiles_meanmax,temperature_scaled,1,2,10
1,20260606,1,val,tile_frozen_encoder_logistic,efficientnet_b0_tiles_meanmax,temperature_scaled,1,3,6
1,20260606,1,val,tile_frozen_encoder_logistic,efficientnet_b0_tiles_meanmax,temperature_scaled,2,1,19
1,20260606,1,val,tile_frozen_encoder_logistic,efficientnet_b0_tiles_meanmax,temperature_scaled,2,2,70
1,20260606,1,val,tile_frozen_encoder_logistic,efficientnet_b0_tiles_meanmax,temperature_scaled,2,3,23
1,20260606,1,val,tile_frozen_encoder_logistic,efficientnet_b0_tiles_meanmax,temperature_scaled,3,1,2
1,20260606,1,val,tile_frozen_encoder_logistic,efficientnet_b0_tiles_meanmax,temperature_scaled,3,2,25
1,20260606,1,val,tile_frozen_encoder_logistic,efficientnet_b0_tiles_meanmax,temperature_scaled,3,3,25
1,20260606,2,test,tile_frozen_encoder_logistic,efficientnet_b0_tiles_meanmax,raw,1,1,18
1,20260606,2,test,tile_frozen_encoder_logistic,efficientnet_b0_tiles_meanmax,raw,1,2,13
1,20260606,2,test,tile_frozen_encoder_logistic,efficientnet_b0_tiles_meanmax,raw,1,3,3
1,20260606,2,test,tile_frozen_encoder_logistic,efficientnet_b0_tiles_meanmax,raw,2,1,20
1,20260606,2,test,tile_frozen_encoder_logistic,efficientnet_b0_tiles_meanmax,raw,2,2,71
1,20260606,2,test,tile_frozen_encoder_logistic,efficientnet_b0_tiles_meanmax,raw,2,3,21
1,20260606,2,test,tile_frozen_encoder_logistic,efficientnet_b0_tiles_meanmax,raw,3,1,4
1,20260606,2,test,tile_frozen_encoder_logistic,efficientnet_b0_tiles_meanmax,raw,3,2,24
1,20260606,2,test,tile_frozen_encoder_logistic,efficientnet_b0_tiles_meanmax,raw,3,3,24
1,20260606,2,test,tile_frozen_encoder_logistic,efficientnet_b0_tiles_meanmax,temperature_scaled,1,1,18
1,20260606,2,test,tile_frozen_encoder_logistic,efficientnet_b0_tiles_meanmax,temperature_scaled,1,2,13
1,20260606,2,test,tile_frozen_encoder_logistic,efficientnet_b0_tiles_meanmax,temperature_scaled,1,3,3
1,20260606,2,test,tile_frozen_encoder_logistic,efficientnet_b0_tiles_meanmax,temperature_scaled,2,1,20
1,20260606,2,test,tile_frozen_encoder_logistic,efficientnet_b0_tiles_meanmax,temperature_scaled,2,2,71
1,20260606,2,test,tile_frozen_encoder_logistic,efficientnet_b0_tiles_meanmax,temperature_scaled,2,3,21
1,20260606,2,test,tile_frozen_encoder_logistic,efficientnet_b0_tiles_meanmax,temperature_scaled,3,1,4
1,20260606,2,test,tile_frozen_encoder_logistic,efficientnet_b0_tiles_meanmax,temperature_scaled,3,2,24
1,20260606,2,test,tile_frozen_encoder_logistic,efficientnet_b0_tiles_meanmax,temperature_scaled,3,3,24
1,20260606,2,val,tile_frozen_encoder_logistic,efficientnet_b0_tiles_meanmax,raw,1,1,22
1,20260606,2,val,tile_frozen_encoder_logistic,efficientnet_b0_tiles_meanmax,raw,1,2,10
1,20260606,2,val,tile_frozen_encoder_logistic,efficientnet_b0_tiles_meanmax,raw,1,3,2
1,20260606,2,val,tile_frozen_encoder_logistic,efficientnet_b0_tiles_meanmax,raw,2,1,18
1,20260606,2,val,tile_frozen_encoder_logistic,efficientnet_b0_tiles_meanmax,raw,2,2,65
1,20260606,2,val,tile_frozen_encoder_logistic,efficientnet_b0_tiles_meanmax,raw,2,3,29
1,20260606,2,val,tile_frozen_encoder_logistic,efficientnet_b0_tiles_meanmax,raw,3,1,8
1,20260606,2,val,tile_frozen_encoder_logistic,efficientnet_b0_tiles_meanmax,raw,3,2,23
1,20260606,2,val,tile_frozen_encoder_logistic,efficientnet_b0_tiles_meanmax,raw,3,3,20
1,20260606,2,val,tile_frozen_encoder_logistic,efficientnet_b0_tiles_meanmax,temperature_scaled,1,1,22
1,20260606,2,val,tile_frozen_encoder_logistic,efficientnet_b0_tiles_meanmax,temperature_scaled,1,2,10
1,20260606,2,val,tile_frozen_encoder_logistic,efficientnet_b0_tiles_meanmax,temperature_scaled,1,3,2
1,20260606,2,val,tile_frozen_encoder_logistic,efficientnet_b0_tiles_meanmax,temperature_scaled,2,1,18
1,20260606,2,val,tile_frozen_encoder_logistic,efficientnet_b0_tiles_meanmax,temperature_scaled,2,2,65
1,20260606,2,val,tile_frozen_encoder_logistic,efficientnet_b0_tiles_meanmax,temperature_scaled,2,3,29
1,20260606,2,val,tile_frozen_encoder_logistic,efficientnet_b0_tiles_meanmax,temperature_scaled,3,1,8
1,20260606,2,val,tile_frozen_encoder_logistic,efficientnet_b0_tiles_meanmax,temperature_scaled,3,2,23
1,20260606,2,val,tile_frozen_encoder_logistic,efficientnet_b0_tiles_meanmax,temperature_scaled,3,3,20
1,20260606,3,test,tile_frozen_encoder_logistic,efficientnet_b0_tiles_meanmax,raw,1,1,24
1,20260606,3,test,tile_frozen_encoder_logistic,efficientnet_b0_tiles_meanmax,raw,1,2,8
1,20260606,3,test,tile_frozen_encoder_logistic,efficientnet_b0_tiles_meanmax,raw,1,3,2
1,20260606,3,test,tile_frozen_encoder_logistic,efficientnet_b0_tiles_meanmax,raw,2,1,22
1,20260606,3,test,tile_frozen_encoder_logistic,efficientnet_b0_tiles_meanmax,raw,2,2,66
1,20260606,3,test,tile_frozen_encoder_logistic,efficientnet_b0_tiles_meanmax,raw,2,3,24
1,20260606,3,test,tile_frozen_encoder_logistic,efficientnet_b0_tiles_meanmax,raw,3,1,5
1,20260606,3,test,tile_frozen_encoder_logistic,efficientnet_b0_tiles_meanmax,raw,3,2,25
1,20260606,3,test,tile_frozen_encoder_logistic,efficientnet_b0_tiles_meanmax,raw,3,3,21
1,20260606,3,test,tile_frozen_encoder_logistic,efficientnet_b0_tiles_meanmax,temperature_scaled,1,1,24
1,20260606,3,test,tile_frozen_encoder_logistic,efficientnet_b0_tiles_meanmax,temperature_scaled,1,2,8
1,20260606,3,test,tile_frozen_encoder_logistic,efficientnet_b0_tiles_meanmax,temperature_scaled,1,3,2
1,20260606,3,test,tile_frozen_encoder_logistic,efficientnet_b0_tiles_meanmax,temperature_scaled,2,1,22
1,20260606,3,test,tile_frozen_encoder_logistic,efficientnet_b0_tiles_meanmax,temperature_scaled,2,2,66
1,20260606,3,test,tile_frozen_encoder_logistic,efficientnet_b0_tiles_meanmax,temperature_scaled,2,3,24
1,20260606,3,test,tile_frozen_encoder_logistic,efficientnet_b0_tiles_meanmax,temperature_scaled,3,1,5
1,20260606,3,test,tile_frozen_encoder_logistic,efficientnet_b0_tiles_meanmax,temperature_scaled,3,2,25
1,20260606,3,test,tile_frozen_encoder_logistic,efficientnet_b0_tiles_meanmax,temperature_scaled,3,3,21
1,20260606,3,val,tile_frozen_encoder_logistic,efficientnet_b0_tiles_meanmax,raw,1,1,19
1,20260606,3,val,tile_frozen_encoder_logistic,efficientnet_b0_tiles_meanmax,raw,1,2,12
1,20260606,3,val,tile_frozen_encoder_logistic,efficientnet_b0_tiles_meanmax,raw,1,3,3
1,20260606,3,val,tile_frozen_encoder_logistic,efficientnet_b0_tiles_meanmax,raw,2,1,16
1,20260606,3,val,tile_frozen_encoder_logistic,efficientnet_b0_tiles_meanmax,raw,2,2,67
1,20260606,3,val,tile_frozen_encoder_logistic,efficientnet_b0_tiles_meanmax,raw,2,3,29
1,20260606,3,val,tile_frozen_encoder_logistic,efficientnet_b0_tiles_meanmax,raw,3,1,4
1,20260606,3,val,tile_frozen_encoder_logistic,efficientnet_b0_tiles_meanmax,raw,3,2,22
1,20260606,3,val,tile_frozen_encoder_logistic,efficientnet_b0_tiles_meanmax,raw,3,3,25
1,20260606,3,val,tile_frozen_encoder_logistic,efficientnet_b0_tiles_meanmax,temperature_scaled,1,1,19
1,20260606,3,val,tile_frozen_encoder_logistic,efficientnet_b0_tiles_meanmax,temperature_scaled,1,2,12
1,20260606,3,val,tile_frozen_encoder_logistic,efficientnet_b0_tiles_meanmax,temperature_scaled,1,3,3
1,20260606,3,val,tile_frozen_encoder_logistic,efficientnet_b0_tiles_meanmax,temperature_scaled,2,1,16
1,20260606,3,val,tile_frozen_encoder_logistic,efficientnet_b0_tiles_meanmax,temperature_scaled,2,2,67
1,20260606,3,val,tile_frozen_encoder_logistic,efficientnet_b0_tiles_meanmax,temperature_scaled,2,3,29
1,20260606,3,val,tile_frozen_encoder_logistic,efficientnet_b0_tiles_meanmax,temperature_scaled,3,1,4
1,20260606,3,val,tile_frozen_encoder_logistic,efficientnet_b0_tiles_meanmax,temperature_scaled,3,2,22
1,20260606,3,val,tile_frozen_encoder_logistic,efficientnet_b0_tiles_meanmax,temperature_scaled,3,3,25
1,20260606,4,test,tile_frozen_encoder_logistic,efficientnet_b0_tiles_meanmax,raw,1,1,18
1,20260606,4,test,tile_frozen_encoder_logistic,efficientnet_b0_tiles_meanmax,raw,1,2,13
1,20260606,4,test,tile_frozen_encoder_logistic,efficientnet_b0_tiles_meanmax,raw,1,3,3
1,20260606,4,test,tile_frozen_encoder_logistic,efficientnet_b0_tiles_meanmax,raw,2,1,17
1,20260606,4,test,tile_frozen_encoder_logistic,efficientnet_b0_tiles_meanmax,raw,2,2,67
1,20260606,4,test,tile_frozen_encoder_logistic,efficientnet_b0_tiles_meanmax,raw,2,3,28
1,20260606,4,test,tile_frozen_encoder_logistic,efficientnet_b0_tiles_meanmax,raw,3,1,3
1,20260606,4,test,tile_frozen_encoder_logistic,efficientnet_b0_tiles_meanmax,raw,3,2,21
1,20260606,4,test,tile_frozen_encoder_logistic,efficientnet_b0_tiles_meanmax,raw,3,3,27
1,20260606,4,test,tile_frozen_encoder_logistic,efficientnet_b0_tiles_meanmax,temperature_scaled,1,1,18
1,20260606,4,test,tile_frozen_encoder_logistic,efficientnet_b0_tiles_meanmax,temperature_scaled,1,2,13
1,20260606,4,test,tile_frozen_encoder_logistic,efficientnet_b0_tiles_meanmax,temperature_scaled,1,3,3
1,20260606,4,test,tile_frozen_encoder_logistic,efficientnet_b0_tiles_meanmax,temperature_scaled,2,1,17
1,20260606,4,test,tile_frozen_encoder_logistic,efficientnet_b0_tiles_meanmax,temperature_scaled,2,2,67
1,20260606,4,test,tile_frozen_encoder_logistic,efficientnet_b0_tiles_meanmax,temperature_scaled,2,3,28
1,20260606,4,test,tile_frozen_encoder_logistic,efficientnet_b0_tiles_meanmax,temperature_scaled,3,1,3
1,20260606,4,test,tile_frozen_encoder_logistic,efficientnet_b0_tiles_meanmax,temperature_scaled,3,2,21
1,20260606,4,test,tile_frozen_encoder_logistic,efficientnet_b0_tiles_meanmax,temperature_scaled,3,3,27
1,20260606,4,val,tile_frozen_encoder_logistic,efficientnet_b0_tiles_meanmax,raw,1,1,16
1,20260606,4,val,tile_frozen_encoder_logistic,efficientnet_b0_tiles_meanmax,raw,1,2,15
1,20260606,4,val,tile_frozen_encoder_logistic,efficientnet_b0_tiles_meanmax,raw,1,3,3
1,20260606,4,val,tile_frozen_encoder_logistic,efficientnet_b0_tiles_meanmax,raw,2,1,14
1,20260606,4,val,tile_frozen_encoder_logistic,efficientnet_b0_tiles_meanmax,raw,2,2,79
1,20260606,4,val,tile_frozen_encoder_logistic,efficientnet_b0_tiles_meanmax,raw,2,3,19
1,20260606,4,val,tile_frozen_encoder_logistic,efficientnet_b0_tiles_meanmax,raw,3,1,1
1,20260606,4,val,tile_frozen_encoder_logistic,efficientnet_b0_tiles_meanmax,raw,3,2,26
1,20260606,4,val,tile_frozen_encoder_logistic,efficientnet_b0_tiles_meanmax,raw,3,3,25
1,20260606,4,val,tile_frozen_encoder_logistic,efficientnet_b0_tiles_meanmax,temperature_scaled,1,1,16
1,20260606,4,val,tile_frozen_encoder_logistic,efficientnet_b0_tiles_meanmax,temperature_scaled,1,2,15
1,20260606,4,val,tile_frozen_encoder_logistic,efficientnet_b0_tiles_meanmax,temperature_scaled,1,3,3
1,20260606,4,val,tile_frozen_encoder_logistic,efficientnet_b0_tiles_meanmax,temperature_scaled,2,1,14
1,20260606,4,val,tile_frozen_encoder_logistic,efficientnet_b0_tiles_meanmax,temperature_scaled,2,2,79
1,20260606,4,val,tile_frozen_encoder_logistic,efficientnet_b0_tiles_meanmax,temperature_scaled,2,3,19
1,20260606,4,val,tile_frozen_encoder_logistic,efficientnet_b0_tiles_meanmax,temperature_scaled,3,1,1
1,20260606,4,val,tile_frozen_encoder_logistic,efficientnet_b0_tiles_meanmax,temperature_scaled,3,2,26
1,20260606,4,val,tile_frozen_encoder_logistic,efficientnet_b0_tiles_meanmax,temperature_scaled,3,3,25
2,20260607,0,test,tile_frozen_encoder_logistic,efficientnet_b0_tiles_meanmax,raw,1,1,13
2,20260607,0,test,tile_frozen_encoder_logistic,efficientnet_b0_tiles_meanmax,raw,1,2,17
2,20260607,0,test,tile_frozen_encoder_logistic,efficientnet_b0_tiles_meanmax,raw,1,3,4
2,20260607,0,test,tile_frozen_encoder_logistic,efficientnet_b0_tiles_meanmax,raw,2,1,18
2,20260607,0,test,tile_frozen_encoder_logistic,efficientnet_b0_tiles_meanmax,raw,2,2,68
2,20260607,0,test,tile_frozen_encoder_logistic,efficientnet_b0_tiles_meanmax,raw,2,3,26
2,20260607,0,test,tile_frozen_encoder_logistic,efficientnet_b0_tiles_meanmax,raw,3,1,4
2,20260607,0,test,tile_frozen_encoder_logistic,efficientnet_b0_tiles_meanmax,raw,3,2,25
2,20260607,0,test,tile_frozen_encoder_logistic,efficientnet_b0_tiles_meanmax,raw,3,3,23
2,20260607,0,test,tile_frozen_encoder_logistic,efficientnet_b0_tiles_meanmax,temperature_scaled,1,1,13
2,20260607,0,test,tile_frozen_encoder_logistic,efficientnet_b0_tiles_meanmax,temperature_scaled,1,2,17
2,20260607,0,test,tile_frozen_encoder_logistic,efficientnet_b0_tiles_meanmax,temperature_scaled,1,3,4
2,20260607,0,test,tile_frozen_encoder_logistic,efficientnet_b0_tiles_meanmax,temperature_scaled,2,1,18
2,20260607,0,test,tile_frozen_encoder_logistic,efficientnet_b0_tiles_meanmax,temperature_scaled,2,2,68
2,20260607,0,test,tile_frozen_encoder_logistic,efficientnet_b0_tiles_meanmax,temperature_scaled,2,3,26
2,20260607,0,test,tile_frozen_encoder_logistic,efficientnet_b0_tiles_meanmax,temperature_scaled,3,1,4
2,20260607,0,test,tile_frozen_encoder_logistic,efficientnet_b0_tiles_meanmax,temperature_scaled,3,2,25
2,20260607,0,test,tile_frozen_encoder_logistic,efficientnet_b0_tiles_meanmax,temperature_scaled,3,3,23
2,20260607,0,val,tile_frozen_encoder_logistic,efficientnet_b0_tiles_meanmax,raw,1,1,15
2,20260607,0,val,tile_frozen_encoder_logistic,efficientnet_b0_tiles_meanmax,raw,1,2,17
2,20260607,0,val,tile_frozen_encoder_logistic,efficientnet_b0_tiles_meanmax,raw,1,3,2
2,20260607,0,val,tile_frozen_encoder_logistic,efficientnet_b0_tiles_meanmax,raw,2,1,17
2,20260607,0,val,tile_frozen_encoder_logistic,efficientnet_b0_tiles_meanmax,raw,2,2,73
2,20260607,0,val,tile_frozen_encoder_logistic,efficientnet_b0_tiles_meanmax,raw,2,3,22
2,20260607,0,val,tile_frozen_encoder_logistic,efficientnet_b0_tiles_meanmax,raw,3,1,5
2,20260607,0,val,tile_frozen_encoder_logistic,efficientnet_b0_tiles_meanmax,raw,3,2,23
2,20260607,0,val,tile_frozen_encoder_logistic,efficientnet_b0_tiles_meanmax,raw,3,3,24
2,20260607,0,val,tile_frozen_encoder_logistic,efficientnet_b0_tiles_meanmax,temperature_scaled,1,1,15
2,20260607,0,val,tile_frozen_encoder_logistic,efficientnet_b0_tiles_meanmax,temperature_scaled,1,2,17
2,20260607,0,val,tile_frozen_encoder_logistic,efficientnet_b0_tiles_meanmax,temperature_scaled,1,3,2
2,20260607,0,val,tile_frozen_encoder_logistic,efficientnet_b0_tiles_meanmax,temperature_scaled,2,1,17
2,20260607,0,val,tile_frozen_encoder_logistic,efficientnet_b0_tiles_meanmax,temperature_scaled,2,2,73
2,20260607,0,val,tile_frozen_encoder_logistic,efficientnet_b0_tiles_meanmax,temperature_scaled,2,3,22
2,20260607,0,val,tile_frozen_encoder_logistic,efficientnet_b0_tiles_meanmax,temperature_scaled,3,1,5
2,20260607,0,val,tile_frozen_encoder_logistic,efficientnet_b0_tiles_meanmax,temperature_scaled,3,2,23
2,20260607,0,val,tile_frozen_encoder_logistic,efficientnet_b0_tiles_meanmax,temperature_scaled,3,3,24
2,20260607,1,test,tile_frozen_encoder_logistic,efficientnet_b0_tiles_meanmax,raw,1,1,19
2,20260607,1,test,tile_frozen_encoder_logistic,efficientnet_b0_tiles_meanmax,raw,1,2,11
2,20260607,1,test,tile_frozen_encoder_logistic,efficientnet_b0_tiles_meanmax,raw,1,3,4
2,20260607,1,test,tile_frozen_encoder_logistic,efficientnet_b0_tiles_meanmax,raw,2,1,19
2,20260607,1,test,tile_frozen_encoder_logistic,efficientnet_b0_tiles_meanmax,raw,2,2,74
2,20260607,1,test,tile_frozen_encoder_logistic,efficientnet_b0_tiles_meanmax,raw,2,3,19
2,20260607,1,test,tile_frozen_encoder_logistic,efficientnet_b0_tiles_meanmax,raw,3,1,7
2,20260607,1,test,tile_frozen_encoder_logistic,efficientnet_b0_tiles_meanmax,raw,3,2,19
2,20260607,1,test,tile_frozen_encoder_logistic,efficientnet_b0_tiles_meanmax,raw,3,3,26
2,20260607,1,test,tile_frozen_encoder_logistic,efficientnet_b0_tiles_meanmax,temperature_scaled,1,1,19
2,20260607,1,test,tile_frozen_encoder_logistic,efficientnet_b0_tiles_meanmax,temperature_scaled,1,2,11
2,20260607,1,test,tile_frozen_encoder_logistic,efficientnet_b0_tiles_meanmax,temperature_scaled,1,3,4
2,20260607,1,test,tile_frozen_encoder_logistic,efficientnet_b0_tiles_meanmax,temperature_scaled,2,1,19
2,20260607,1,test,tile_frozen_encoder_logistic,efficientnet_b0_tiles_meanmax,temperature_scaled,2,2,74
2,20260607,1,test,tile_frozen_encoder_logistic,efficientnet_b0_tiles_meanmax,temperature_scaled,2,3,19
2,20260607,1,test,tile_frozen_encoder_logistic,efficientnet_b0_tiles_meanmax,temperature_scaled,3,1,7
2,20260607,1,test,tile_frozen_encoder_logistic,efficientnet_b0_tiles_meanmax,temperature_scaled,3,2,19
2,20260607,1,test,tile_frozen_encoder_logistic,efficientnet_b0_tiles_meanmax,temperature_scaled,3,3,26
2,20260607,1,val,tile_frozen_encoder_logistic,efficientnet_b0_tiles_meanmax,raw,1,1,15
2,20260607,1,val,tile_frozen_encoder_logistic,efficientnet_b0_tiles_meanmax,raw,1,2,15
2,20260607,1,val,tile_frozen_encoder_logistic,efficientnet_b0_tiles_meanmax,raw,1,3,4
2,20260607,1,val,tile_frozen_encoder_logistic,efficientnet_b0_tiles_meanmax,raw,2,1,22
2,20260607,1,val,tile_frozen_encoder_logistic,efficientnet_b0_tiles_meanmax,raw,2,2,64
2,20260607,1,val,tile_frozen_encoder_logistic,efficientnet_b0_tiles_meanmax,raw,2,3,26
2,20260607,1,val,tile_frozen_encoder_logistic,efficientnet_b0_tiles_meanmax,raw,3,1,4
2,20260607,1,val,tile_frozen_encoder_logistic,efficientnet_b0_tiles_meanmax,raw,3,2,31
2,20260607,1,val,tile_frozen_encoder_logistic,efficientnet_b0_tiles_meanmax,raw,3,3,17
2,20260607,1,val,tile_frozen_encoder_logistic,efficientnet_b0_tiles_meanmax,temperature_scaled,1,1,15
2,20260607,1,val,tile_frozen_encoder_logistic,efficientnet_b0_tiles_meanmax,temperature_scaled,1,2,15
2,20260607,1,val,tile_frozen_encoder_logistic,efficientnet_b0_tiles_meanmax,temperature_scaled,1,3,4
2,20260607,1,val,tile_frozen_encoder_logistic,efficientnet_b0_tiles_meanmax,temperature_scaled,2,1,22
2,20260607,1,val,tile_frozen_encoder_logistic,efficientnet_b0_tiles_meanmax,temperature_scaled,2,2,64
2,20260607,1,val,tile_frozen_encoder_logistic,efficientnet_b0_tiles_meanmax,temperature_scaled,2,3,26
2,20260607,1,val,tile_frozen_encoder_logistic,efficientnet_b0_tiles_meanmax,temperature_scaled,3,1,4
2,20260607,1,val,tile_frozen_encoder_logistic,efficientnet_b0_tiles_meanmax,temperature_scaled,3,2,31
2,20260607,1,val,tile_frozen_encoder_logistic,efficientnet_b0_tiles_meanmax,temperature_scaled,3,3,17
2,20260607,2,test,tile_frozen_encoder_logistic,efficientnet_b0_tiles_meanmax,raw,1,1,18
2,20260607,2,test,tile_frozen_encoder_logistic,efficientnet_b0_tiles_meanmax,raw,1,2,11
2,20260607,2,test,tile_frozen_encoder_logistic,efficientnet_b0_tiles_meanmax,raw,1,3,5
2,20260607,2,test,tile_frozen_encoder_logistic,efficientnet_b0_tiles_meanmax,raw,2,1,20
2,20260607,2,test,tile_frozen_encoder_logistic,efficientnet_b0_tiles_meanmax,raw,2,2,72
2,20260607,2,test,tile_frozen_encoder_logistic,efficientnet_b0_tiles_meanmax,raw,2,3,20
2,20260607,2,test,tile_frozen_encoder_logistic,efficientnet_b0_tiles_meanmax,raw,3,1,3
2,20260607,2,test,tile_frozen_encoder_logistic,efficientnet_b0_tiles_meanmax,raw,3,2,28
2,20260607,2,test,tile_frozen_encoder_logistic,efficientnet_b0_tiles_meanmax,raw,3,3,21
2,20260607,2,test,tile_frozen_encoder_logistic,efficientnet_b0_tiles_meanmax,temperature_scaled,1,1,18
2,20260607,2,test,tile_frozen_encoder_logistic,efficientnet_b0_tiles_meanmax,temperature_scaled,1,2,11
2,20260607,2,test,tile_frozen_encoder_logistic,efficientnet_b0_tiles_meanmax,temperature_scaled,1,3,5
2,20260607,2,test,tile_frozen_encoder_logistic,efficientnet_b0_tiles_meanmax,temperature_scaled,2,1,20
2,20260607,2,test,tile_frozen_encoder_logistic,efficientnet_b0_tiles_meanmax,temperature_scaled,2,2,72
2,20260607,2,test,tile_frozen_encoder_logistic,efficientnet_b0_tiles_meanmax,temperature_scaled,2,3,20
2,20260607,2,test,tile_frozen_encoder_logistic,efficientnet_b0_tiles_meanmax,temperature_scaled,3,1,3
2,20260607,2,test,tile_frozen_encoder_logistic,efficientnet_b0_tiles_meanmax,temperature_scaled,3,2,28
2,20260607,2,test,tile_frozen_encoder_logistic,efficientnet_b0_tiles_meanmax,temperature_scaled,3,3,21
2,20260607,2,val,tile_frozen_encoder_logistic,efficientnet_b0_tiles_meanmax,raw,1,1,19
2,20260607,2,val,tile_frozen_encoder_logistic,efficientnet_b0_tiles_meanmax,raw,1,2,13
2,20260607,2,val,tile_frozen_encoder_logistic,efficientnet_b0_tiles_meanmax,raw,1,3,2
2,20260607,2,val,tile_frozen_encoder_logistic,efficientnet_b0_tiles_meanmax,raw,2,1,16
2,20260607,2,val,tile_frozen_encoder_logistic,efficientnet_b0_tiles_meanmax,raw,2,2,74
2,20260607,2,val,tile_frozen_encoder_logistic,efficientnet_b0_tiles_meanmax,raw,2,3,22
2,20260607,2,val,tile_frozen_encoder_logistic,efficientnet_b0_tiles_meanmax,raw,3,1,7
2,20260607,2,val,tile_frozen_encoder_logistic,efficientnet_b0_tiles_meanmax,raw,3,2,22
2,20260607,2,val,tile_frozen_encoder_logistic,efficientnet_b0_tiles_meanmax,raw,3,3,22
2,20260607,2,val,tile_frozen_encoder_logistic,efficientnet_b0_tiles_meanmax,temperature_scaled,1,1,19
2,20260607,2,val,tile_frozen_encoder_logistic,efficientnet_b0_tiles_meanmax,temperature_scaled,1,2,13
2,20260607,2,val,tile_frozen_encoder_logistic,efficientnet_b0_tiles_meanmax,temperature_scaled,1,3,2
2,20260607,2,val,tile_frozen_encoder_logistic,efficientnet_b0_tiles_meanmax,temperature_scaled,2,1,16
2,20260607,2,val,tile_frozen_encoder_logistic,efficientnet_b0_tiles_meanmax,temperature_scaled,2,2,74
2,20260607,2,val,tile_frozen_encoder_logistic,efficientnet_b0_tiles_meanmax,temperature_scaled,2,3,22
2,20260607,2,val,tile_frozen_encoder_logistic,efficientnet_b0_tiles_meanmax,temperature_scaled,3,1,7
2,20260607,2,val,tile_frozen_encoder_logistic,efficientnet_b0_tiles_meanmax,temperature_scaled,3,2,22
2,20260607,2,val,tile_frozen_encoder_logistic,efficientnet_b0_tiles_meanmax,temperature_scaled,3,3,22
2,20260607,3,test,tile_frozen_encoder_logistic,efficientnet_b0_tiles_meanmax,raw,1,1,20
2,20260607,3,test,tile_frozen_encoder_logistic,efficientnet_b0_tiles_meanmax,raw,1,2,13
2,20260607,3,test,tile_frozen_encoder_logistic,efficientnet_b0_tiles_meanmax,raw,1,3,1
2,20260607,3,test,tile_frozen_encoder_logistic,efficientnet_b0_tiles_meanmax,raw,2,1,19
2,20260607,3,test,tile_frozen_encoder_logistic,efficientnet_b0_tiles_meanmax,raw,2,2,71
2,20260607,3,test,tile_frozen_encoder_logistic,efficientnet_b0_tiles_meanmax,raw,2,3,22
2,20260607,3,test,tile_frozen_encoder_logistic,efficientnet_b0_tiles_meanmax,raw,3,1,6
2,20260607,3,test,tile_frozen_encoder_logistic,efficientnet_b0_tiles_meanmax,raw,3,2,20
2,20260607,3,test,tile_frozen_encoder_logistic,efficientnet_b0_tiles_meanmax,raw,3,3,25
2,20260607,3,test,tile_frozen_encoder_logistic,efficientnet_b0_tiles_meanmax,temperature_scaled,1,1,20
2,20260607,3,test,tile_frozen_encoder_logistic,efficientnet_b0_tiles_meanmax,temperature_scaled,1,2,13
2,20260607,3,test,tile_frozen_encoder_logistic,efficientnet_b0_tiles_meanmax,temperature_scaled,1,3,1
2,20260607,3,test,tile_frozen_encoder_logistic,efficientnet_b0_tiles_meanmax,temperature_scaled,2,1,19
2,20260607,3,test,tile_frozen_encoder_logistic,efficientnet_b0_tiles_meanmax,temperature_scaled,2,2,71
2,20260607,3,test,tile_frozen_encoder_logistic,efficientnet_b0_tiles_meanmax,temperature_scaled,2,3,22
2,20260607,3,test,tile_frozen_encoder_logistic,efficientnet_b0_tiles_meanmax,temperature_scaled,3,1,6
2,20260607,3,test,tile_frozen_encoder_logistic,efficientnet_b0_tiles_meanmax,temperature_scaled,3,2,20
2,20260607,3,test,tile_frozen_encoder_logistic,efficientnet_b0_tiles_meanmax,temperature_scaled,3,3,25
2,20260607,3,val,tile_frozen_encoder_logistic,efficientnet_b0_tiles_meanmax,raw,1,1,19
2,20260607,3,val,tile_frozen_encoder_logistic,efficientnet_b0_tiles_meanmax,raw,1,2,10
2,20260607,3,val,tile_frozen_encoder_logistic,efficientnet_b0_tiles_meanmax,raw,1,3,5
2,20260607,3,val,tile_frozen_encoder_logistic,efficientnet_b0_tiles_meanmax,raw,2,1,15
2,20260607,3,val,tile_frozen_encoder_logistic,efficientnet_b0_tiles_meanmax,raw,2,2,66
2,20260607,3,val,tile_frozen_encoder_logistic,efficientnet_b0_tiles_meanmax,raw,2,3,31
2,20260607,3,val,tile_frozen_encoder_logistic,efficientnet_b0_tiles_meanmax,raw,3,1,5
2,20260607,3,val,tile_frozen_encoder_logistic,efficientnet_b0_tiles_meanmax,raw,3,2,23
2,20260607,3,val,tile_frozen_encoder_logistic,efficientnet_b0_tiles_meanmax,raw,3,3,23
2,20260607,3,val,tile_frozen_encoder_logistic,efficientnet_b0_tiles_meanmax,temperature_scaled,1,1,19
2,20260607,3,val,tile_frozen_encoder_logistic,efficientnet_b0_tiles_meanmax,temperature_scaled,1,2,10
2,20260607,3,val,tile_frozen_encoder_logistic,efficientnet_b0_tiles_meanmax,temperature_scaled,1,3,5
2,20260607,3,val,tile_frozen_encoder_logistic,efficientnet_b0_tiles_meanmax,temperature_scaled,2,1,15
2,20260607,3,val,tile_frozen_encoder_logistic,efficientnet_b0_tiles_meanmax,temperature_scaled,2,2,66
2,20260607,3,val,tile_frozen_encoder_logistic,efficientnet_b0_tiles_meanmax,temperature_scaled,2,3,31
2,20260607,3,val,tile_frozen_encoder_logistic,efficientnet_b0_tiles_meanmax,temperature_scaled,3,1,5
2,20260607,3,val,tile_frozen_encoder_logistic,efficientnet_b0_tiles_meanmax,temperature_scaled,3,2,23
2,20260607,3,val,tile_frozen_encoder_logistic,efficientnet_b0_tiles_meanmax,temperature_scaled,3,3,23
2,20260607,4,test,tile_frozen_encoder_logistic,efficientnet_b0_tiles_meanmax,raw,1,1,21
2,20260607,4,test,tile_frozen_encoder_logistic,efficientnet_b0_tiles_meanmax,raw,1,2,11
2,20260607,4,test,tile_frozen_encoder_logistic,efficientnet_b0_tiles_meanmax,raw,1,3,2
2,20260607,4,test,tile_frozen_encoder_logistic,efficientnet_b0_tiles_meanmax,raw,2,1,15
2,20260607,4,test,tile_frozen_encoder_logistic,efficientnet_b0_tiles_meanmax,raw,2,2,74
2,20260607,4,test,tile_frozen_encoder_logistic,efficientnet_b0_tiles_meanmax,raw,2,3,23
2,20260607,4,test,tile_frozen_encoder_logistic,efficientnet_b0_tiles_meanmax,raw,3,1,5
2,20260607,4,test,tile_frozen_encoder_logistic,efficientnet_b0_tiles_meanmax,raw,3,2,23
2,20260607,4,test,tile_frozen_encoder_logistic,efficientnet_b0_tiles_meanmax,raw,3,3,23
2,20260607,4,test,tile_frozen_encoder_logistic,efficientnet_b0_tiles_meanmax,temperature_scaled,1,1,21
2,20260607,4,test,tile_frozen_encoder_logistic,efficientnet_b0_tiles_meanmax,temperature_scaled,1,2,11
2,20260607,4,test,tile_frozen_encoder_logistic,efficientnet_b0_tiles_meanmax,temperature_scaled,1,3,2
2,20260607,4,test,tile_frozen_encoder_logistic,efficientnet_b0_tiles_meanmax,temperature_scaled,2,1,15
2,20260607,4,test,tile_frozen_encoder_logistic,efficientnet_b0_tiles_meanmax,temperature_scaled,2,2,74
2,20260607,4,test,tile_frozen_encoder_logistic,efficientnet_b0_tiles_meanmax,temperature_scaled,2,3,23
2,20260607,4,test,tile_frozen_encoder_logistic,efficientnet_b0_tiles_meanmax,temperature_scaled,3,1,5
2,20260607,4,test,tile_frozen_encoder_logistic,efficientnet_b0_tiles_meanmax,temperature_scaled,3,2,23
2,20260607,4,test,tile_frozen_encoder_logistic,efficientnet_b0_tiles_meanmax,temperature_scaled,3,3,23
2,20260607,4,val,tile_frozen_encoder_logistic,efficientnet_b0_tiles_meanmax,raw,1,1,22
2,20260607,4,val,tile_frozen_encoder_logistic,efficientnet_b0_tiles_meanmax,raw,1,2,11
2,20260607,4,val,tile_frozen_encoder_logistic,efficientnet_b0_tiles_meanmax,raw,1,3,1
2,20260607,4,val,tile_frozen_encoder_logistic,efficientnet_b0_tiles_meanmax,raw,2,1,18
2,20260607,4,val,tile_frozen_encoder_logistic,efficientnet_b0_tiles_meanmax,raw,2,2,71
2,20260607,4,val,tile_frozen_encoder_logistic,efficientnet_b0_tiles_meanmax,raw,2,3,23
2,20260607,4,val,tile_frozen_encoder_logistic,efficientnet_b0_tiles_meanmax,raw,3,1,4
2,20260607,4,val,tile_frozen_encoder_logistic,efficientnet_b0_tiles_meanmax,raw,3,2,24
2,20260607,4,val,tile_frozen_encoder_logistic,efficientnet_b0_tiles_meanmax,raw,3,3,24
2,20260607,4,val,tile_frozen_encoder_logistic,efficientnet_b0_tiles_meanmax,temperature_scaled,1,1,22
2,20260607,4,val,tile_frozen_encoder_logistic,efficientnet_b0_tiles_meanmax,temperature_scaled,1,2,11
2,20260607,4,val,tile_frozen_encoder_logistic,efficientnet_b0_tiles_meanmax,temperature_scaled,1,3,1
2,20260607,4,val,tile_frozen_encoder_logistic,efficientnet_b0_tiles_meanmax,temperature_scaled,2,1,18
2,20260607,4,val,tile_frozen_encoder_logistic,efficientnet_b0_tiles_meanmax,temperature_scaled,2,2,71
2,20260607,4,val,tile_frozen_encoder_logistic,efficientnet_b0_tiles_meanmax,temperature_scaled,2,3,23
2,20260607,4,val,tile_frozen_encoder_logistic,efficientnet_b0_tiles_meanmax,temperature_scaled,3,1,4
2,20260607,4,val,tile_frozen_encoder_logistic,efficientnet_b0_tiles_meanmax,temperature_scaled,3,2,24
2,20260607,4,val,tile_frozen_encoder_logistic,efficientnet_b0_tiles_meanmax,temperature_scaled,3,3,24
3,20260608,0,test,tile_frozen_encoder_logistic,efficientnet_b0_tiles_meanmax,raw,1,1,20
3,20260608,0,test,tile_frozen_encoder_logistic,efficientnet_b0_tiles_meanmax,raw,1,2,11
3,20260608,0,test,tile_frozen_encoder_logistic,efficientnet_b0_tiles_meanmax,raw,1,3,3
3,20260608,0,test,tile_frozen_encoder_logistic,efficientnet_b0_tiles_meanmax,raw,2,1,13
3,20260608,0,test,tile_frozen_encoder_logistic,efficientnet_b0_tiles_meanmax,raw,2,2,78
3,20260608,0,test,tile_frozen_encoder_logistic,efficientnet_b0_tiles_meanmax,raw,2,3,21
3,20260608,0,test,tile_frozen_encoder_logistic,efficientnet_b0_tiles_meanmax,raw,3,1,3
3,20260608,0,test,tile_frozen_encoder_logistic,efficientnet_b0_tiles_meanmax,raw,3,2,32
3,20260608,0,test,tile_frozen_encoder_logistic,efficientnet_b0_tiles_meanmax,raw,3,3,17
3,20260608,0,test,tile_frozen_encoder_logistic,efficientnet_b0_tiles_meanmax,temperature_scaled,1,1,20
3,20260608,0,test,tile_frozen_encoder_logistic,efficientnet_b0_tiles_meanmax,temperature_scaled,1,2,11
3,20260608,0,test,tile_frozen_encoder_logistic,efficientnet_b0_tiles_meanmax,temperature_scaled,1,3,3
3,20260608,0,test,tile_frozen_encoder_logistic,efficientnet_b0_tiles_meanmax,temperature_scaled,2,1,13
3,20260608,0,test,tile_frozen_encoder_logistic,efficientnet_b0_tiles_meanmax,temperature_scaled,2,2,78
3,20260608,0,test,tile_frozen_encoder_logistic,efficientnet_b0_tiles_meanmax,temperature_scaled,2,3,21
3,20260608,0,test,tile_frozen_encoder_logistic,efficientnet_b0_tiles_meanmax,temperature_scaled,3,1,3
3,20260608,0,test,tile_frozen_encoder_logistic,efficientnet_b0_tiles_meanmax,temperature_scaled,3,2,32
3,20260608,0,test,tile_frozen_encoder_logistic,efficientnet_b0_tiles_meanmax,temperature_scaled,3,3,17
3,20260608,0,val,tile_frozen_encoder_logistic,efficientnet_b0_tiles_meanmax,raw,1,1,18
3,20260608,0,val,tile_frozen_encoder_logistic,efficientnet_b0_tiles_meanmax,raw,1,2,13
3,20260608,0,val,tile_frozen_encoder_logistic,efficientnet_b0_tiles_meanmax,raw,1,3,3
3,20260608,0,val,tile_frozen_encoder_logistic,efficientnet_b0_tiles_meanmax,raw,2,1,21
3,20260608,0,val,tile_frozen_encoder_logistic,efficientnet_b0_tiles_meanmax,raw,2,2,70
3,20260608,0,val,tile_frozen_encoder_logistic,efficientnet_b0_tiles_meanmax,raw,2,3,21
3,20260608,0,val,tile_frozen_encoder_logistic,efficientnet_b0_tiles_meanmax,raw,3,1,4
3,20260608,0,val,tile_frozen_encoder_logistic,efficientnet_b0_tiles_meanmax,raw,3,2,23
3,20260608,0,val,tile_frozen_encoder_logistic,efficientnet_b0_tiles_meanmax,raw,3,3,25
3,20260608,0,val,tile_frozen_encoder_logistic,efficientnet_b0_tiles_meanmax,temperature_scaled,1,1,18
3,20260608,0,val,tile_frozen_encoder_logistic,efficientnet_b0_tiles_meanmax,temperature_scaled,1,2,13
3,20260608,0,val,tile_frozen_encoder_logistic,efficientnet_b0_tiles_meanmax,temperature_scaled,1,3,3
3,20260608,0,val,tile_frozen_encoder_logistic,efficientnet_b0_tiles_meanmax,temperature_scaled,2,1,21
3,20260608,0,val,tile_frozen_encoder_logistic,efficientnet_b0_tiles_meanmax,temperature_scaled,2,2,70
3,20260608,0,val,tile_frozen_encoder_logistic,efficientnet_b0_tiles_meanmax,temperature_scaled,2,3,21
3,20260608,0,val,tile_frozen_encoder_logistic,efficientnet_b0_tiles_meanmax,temperature_scaled,3,1,4
3,20260608,0,val,tile_frozen_encoder_logistic,efficientnet_b0_tiles_meanmax,temperature_scaled,3,2,23
3,20260608,0,val,tile_frozen_encoder_logistic,efficientnet_b0_tiles_meanmax,temperature_scaled,3,3,25
3,20260608,1,test,tile_frozen_encoder_logistic,efficientnet_b0_tiles_meanmax,raw,1,1,18
3,20260608,1,test,tile_frozen_encoder_logistic,efficientnet_b0_tiles_meanmax,raw,1,2,11
3,20260608,1,test,tile_frozen_encoder_logistic,efficientnet_b0_tiles_meanmax,raw,1,3,5
3,20260608,1,test,tile_frozen_encoder_logistic,efficientnet_b0_tiles_meanmax,raw,2,1,24
3,20260608,1,test,tile_frozen_encoder_logistic,efficientnet_b0_tiles_meanmax,raw,2,2,68
3,20260608,1,test,tile_frozen_encoder_logistic,efficientnet_b0_tiles_meanmax,raw,2,3,20
3,20260608,1,test,tile_frozen_encoder_logistic,efficientnet_b0_tiles_meanmax,raw,3,1,6
3,20260608,1,test,tile_frozen_encoder_logistic,efficientnet_b0_tiles_meanmax,raw,3,2,27
3,20260608,1,test,tile_frozen_encoder_logistic,efficientnet_b0_tiles_meanmax,raw,3,3,19
3,20260608,1,test,tile_frozen_encoder_logistic,efficientnet_b0_tiles_meanmax,temperature_scaled,1,1,18
3,20260608,1,test,tile_frozen_encoder_logistic,efficientnet_b0_tiles_meanmax,temperature_scaled,1,2,11
3,20260608,1,test,tile_frozen_encoder_logistic,efficientnet_b0_tiles_meanmax,temperature_scaled,1,3,5
3,20260608,1,test,tile_frozen_encoder_logistic,efficientnet_b0_tiles_meanmax,temperature_scaled,2,1,24
3,20260608,1,test,tile_frozen_encoder_logistic,efficientnet_b0_tiles_meanmax,temperature_scaled,2,2,68
3,20260608,1,test,tile_frozen_encoder_logistic,efficientnet_b0_tiles_meanmax,temperature_scaled,2,3,20
3,20260608,1,test,tile_frozen_encoder_logistic,efficientnet_b0_tiles_meanmax,temperature_scaled,3,1,6
3,20260608,1,test,tile_frozen_encoder_logistic,efficientnet_b0_tiles_meanmax,temperature_scaled,3,2,27
3,20260608,1,test,tile_frozen_encoder_logistic,efficientnet_b0_tiles_meanmax,temperature_scaled,3,3,19
3,20260608,1,val,tile_frozen_encoder_logistic,efficientnet_b0_tiles_meanmax,raw,1,1,20
3,20260608,1,val,tile_frozen_encoder_logistic,efficientnet_b0_tiles_meanmax,raw,1,2,12
3,20260608,1,val,tile_frozen_encoder_logistic,efficientnet_b0_tiles_meanmax,raw,1,3,2
3,20260608,1,val,tile_frozen_encoder_logistic,efficientnet_b0_tiles_meanmax,raw,2,1,17
3,20260608,1,val,tile_frozen_encoder_logistic,efficientnet_b0_tiles_meanmax,raw,2,2,74
3,20260608,1,val,tile_frozen_encoder_logistic,efficientnet_b0_tiles_meanmax,raw,2,3,21
3,20260608,1,val,tile_frozen_encoder_logistic,efficientnet_b0_tiles_meanmax,raw,3,1,7
3,20260608,1,val,tile_frozen_encoder_logistic,efficientnet_b0_tiles_meanmax,raw,3,2,23
3,20260608,1,val,tile_frozen_encoder_logistic,efficientnet_b0_tiles_meanmax,raw,3,3,22
3,20260608,1,val,tile_frozen_encoder_logistic,efficientnet_b0_tiles_meanmax,temperature_scaled,1,1,20
3,20260608,1,val,tile_frozen_encoder_logistic,efficientnet_b0_tiles_meanmax,temperature_scaled,1,2,12
3,20260608,1,val,tile_frozen_encoder_logistic,efficientnet_b0_tiles_meanmax,temperature_scaled,1,3,2
3,20260608,1,val,tile_frozen_encoder_logistic,efficientnet_b0_tiles_meanmax,temperature_scaled,2,1,17
3,20260608,1,val,tile_frozen_encoder_logistic,efficientnet_b0_tiles_meanmax,temperature_scaled,2,2,74
3,20260608,1,val,tile_frozen_encoder_logistic,efficientnet_b0_tiles_meanmax,temperature_scaled,2,3,21
3,20260608,1,val,tile_frozen_encoder_logistic,efficientnet_b0_tiles_meanmax,temperature_scaled,3,1,7
3,20260608,1,val,tile_frozen_encoder_logistic,efficientnet_b0_tiles_meanmax,temperature_scaled,3,2,23
3,20260608,1,val,tile_frozen_encoder_logistic,efficientnet_b0_tiles_meanmax,temperature_scaled,3,3,22
3,20260608,2,test,tile_frozen_encoder_logistic,efficientnet_b0_tiles_meanmax,raw,1,1,20
3,20260608,2,test,tile_frozen_encoder_logistic,efficientnet_b0_tiles_meanmax,raw,1,2,13
3,20260608,2,test,tile_frozen_encoder_logistic,efficientnet_b0_tiles_meanmax,raw,1,3,1
3,20260608,2,test,tile_frozen_encoder_logistic,efficientnet_b0_tiles_meanmax,raw,2,1,10
3,20260608,2,test,tile_frozen_encoder_logistic,efficientnet_b0_tiles_meanmax,raw,2,2,76
3,20260608,2,test,tile_frozen_encoder_logistic,efficientnet_b0_tiles_meanmax,raw,2,3,26
3,20260608,2,test,tile_frozen_encoder_logistic,efficientnet_b0_tiles_meanmax,raw,3,1,5
3,20260608,2,test,tile_frozen_encoder_logistic,efficientnet_b0_tiles_meanmax,raw,3,2,26
3,20260608,2,test,tile_frozen_encoder_logistic,efficientnet_b0_tiles_meanmax,raw,3,3,21
3,20260608,2,test,tile_frozen_encoder_logistic,efficientnet_b0_tiles_meanmax,temperature_scaled,1,1,20
3,20260608,2,test,tile_frozen_encoder_logistic,efficientnet_b0_tiles_meanmax,temperature_scaled,1,2,13
3,20260608,2,test,tile_frozen_encoder_logistic,efficientnet_b0_tiles_meanmax,temperature_scaled,1,3,1
3,20260608,2,test,tile_frozen_encoder_logistic,efficientnet_b0_tiles_meanmax,temperature_scaled,2,1,10
3,20260608,2,test,tile_frozen_encoder_logistic,efficientnet_b0_tiles_meanmax,temperature_scaled,2,2,76
3,20260608,2,test,tile_frozen_encoder_logistic,efficientnet_b0_tiles_meanmax,temperature_scaled,2,3,26
3,20260608,2,test,tile_frozen_encoder_logistic,efficientnet_b0_tiles_meanmax,temperature_scaled,3,1,5
3,20260608,2,test,tile_frozen_encoder_logistic,efficientnet_b0_tiles_meanmax,temperature_scaled,3,2,26
3,20260608,2,test,tile_frozen_encoder_logistic,efficientnet_b0_tiles_meanmax,temperature_scaled,3,3,21
3,20260608,2,val,tile_frozen_encoder_logistic,efficientnet_b0_tiles_meanmax,raw,1,1,13
3,20260608,2,val,tile_frozen_encoder_logistic,efficientnet_b0_tiles_meanmax,raw,1,2,16
3,20260608,2,val,tile_frozen_encoder_logistic,efficientnet_b0_tiles_meanmax,raw,1,3,5
3,20260608,2,val,tile_frozen_encoder_logistic,efficientnet_b0_tiles_meanmax,raw,2,1,11
3,20260608,2,val,tile_frozen_encoder_logistic,efficientnet_b0_tiles_meanmax,raw,2,2,70
3,20260608,2,val,tile_frozen_encoder_logistic,efficientnet_b0_tiles_meanmax,raw,2,3,31
3,20260608,2,val,tile_frozen_encoder_logistic,efficientnet_b0_tiles_meanmax,raw,3,1,2
3,20260608,2,val,tile_frozen_encoder_logistic,efficientnet_b0_tiles_meanmax,raw,3,2,20
3,20260608,2,val,tile_frozen_encoder_logistic,efficientnet_b0_tiles_meanmax,raw,3,3,29
3,20260608,2,val,tile_frozen_encoder_logistic,efficientnet_b0_tiles_meanmax,temperature_scaled,1,1,13
3,20260608,2,val,tile_frozen_encoder_logistic,efficientnet_b0_tiles_meanmax,temperature_scaled,1,2,16
3,20260608,2,val,tile_frozen_encoder_logistic,efficientnet_b0_tiles_meanmax,temperature_scaled,1,3,5
3,20260608,2,val,tile_frozen_encoder_logistic,efficientnet_b0_tiles_meanmax,temperature_scaled,2,1,11
3,20260608,2,val,tile_frozen_encoder_logistic,efficientnet_b0_tiles_meanmax,temperature_scaled,2,2,70
3,20260608,2,val,tile_frozen_encoder_logistic,efficientnet_b0_tiles_meanmax,temperature_scaled,2,3,31
3,20260608,2,val,tile_frozen_encoder_logistic,efficientnet_b0_tiles_meanmax,temperature_scaled,3,1,2
3,20260608,2,val,tile_frozen_encoder_logistic,efficientnet_b0_tiles_meanmax,temperature_scaled,3,2,20
3,20260608,2,val,tile_frozen_encoder_logistic,efficientnet_b0_tiles_meanmax,temperature_scaled,3,3,29
3,20260608,3,test,tile_frozen_encoder_logistic,efficientnet_b0_tiles_meanmax,raw,1,1,15
3,20260608,3,test,tile_frozen_encoder_logistic,efficientnet_b0_tiles_meanmax,raw,1,2,12
3,20260608,3,test,tile_frozen_encoder_logistic,efficientnet_b0_tiles_meanmax,raw,1,3,7
3,20260608,3,test,tile_frozen_encoder_logistic,efficientnet_b0_tiles_meanmax,raw,2,1,12
3,20260608,3,test,tile_frozen_encoder_logistic,efficientnet_b0_tiles_meanmax,raw,2,2,70
3,20260608,3,test,tile_frozen_encoder_logistic,efficientnet_b0_tiles_meanmax,raw,2,3,30
3,20260608,3,test,tile_frozen_encoder_logistic,efficientnet_b0_tiles_meanmax,raw,3,1,0
3,20260608,3,test,tile_frozen_encoder_logistic,efficientnet_b0_tiles_meanmax,raw,3,2,22
3,20260608,3,test,tile_frozen_encoder_logistic,efficientnet_b0_tiles_meanmax,raw,3,3,29
3,20260608,3,test,tile_frozen_encoder_logistic,efficientnet_b0_tiles_meanmax,temperature_scaled,1,1,15
3,20260608,3,test,tile_frozen_encoder_logistic,efficientnet_b0_tiles_meanmax,temperature_scaled,1,2,12
3,20260608,3,test,tile_frozen_encoder_logistic,efficientnet_b0_tiles_meanmax,temperature_scaled,1,3,7
3,20260608,3,test,tile_frozen_encoder_logistic,efficientnet_b0_tiles_meanmax,temperature_scaled,2,1,12
3,20260608,3,test,tile_frozen_encoder_logistic,efficientnet_b0_tiles_meanmax,temperature_scaled,2,2,70
3,20260608,3,test,tile_frozen_encoder_logistic,efficientnet_b0_tiles_meanmax,temperature_scaled,2,3,30
3,20260608,3,test,tile_frozen_encoder_logistic,efficientnet_b0_tiles_meanmax,temperature_scaled,3,1,0
3,20260608,3,test,tile_frozen_encoder_logistic,efficientnet_b0_tiles_meanmax,temperature_scaled,3,2,22
3,20260608,3,test,tile_frozen_encoder_logistic,efficientnet_b0_tiles_meanmax,temperature_scaled,3,3,29
3,20260608,3,val,tile_frozen_encoder_logistic,efficientnet_b0_tiles_meanmax,raw,1,1,18
3,20260608,3,val,tile_frozen_encoder_logistic,efficientnet_b0_tiles_meanmax,raw,1,2,14
3,20260608,3,val,tile_frozen_encoder_logistic,efficientnet_b0_tiles_meanmax,raw,1,3,2
3,20260608,3,val,tile_frozen_encoder_logistic,efficientnet_b0_tiles_meanmax,raw,2,1,15
3,20260608,3,val,tile_frozen_encoder_logistic,efficientnet_b0_tiles_meanmax,raw,2,2,67
3,20260608,3,val,tile_frozen_encoder_logistic,efficientnet_b0_tiles_meanmax,raw,2,3,30
3,20260608,3,val,tile_frozen_encoder_logistic,efficientnet_b0_tiles_meanmax,raw,3,1,1
3,20260608,3,val,tile_frozen_encoder_logistic,efficientnet_b0_tiles_meanmax,raw,3,2,31
3,20260608,3,val,tile_frozen_encoder_logistic,efficientnet_b0_tiles_meanmax,raw,3,3,19
3,20260608,3,val,tile_frozen_encoder_logistic,efficientnet_b0_tiles_meanmax,temperature_scaled,1,1,18
3,20260608,3,val,tile_frozen_encoder_logistic,efficientnet_b0_tiles_meanmax,temperature_scaled,1,2,14
3,20260608,3,val,tile_frozen_encoder_logistic,efficientnet_b0_tiles_meanmax,temperature_scaled,1,3,2
3,20260608,3,val,tile_frozen_encoder_logistic,efficientnet_b0_tiles_meanmax,temperature_scaled,2,1,15
3,20260608,3,val,tile_frozen_encoder_logistic,efficientnet_b0_tiles_meanmax,temperature_scaled,2,2,67
3,20260608,3,val,tile_frozen_encoder_logistic,efficientnet_b0_tiles_meanmax,temperature_scaled,2,3,30
3,20260608,3,val,tile_frozen_encoder_logistic,efficientnet_b0_tiles_meanmax,temperature_scaled,3,1,1
3,20260608,3,val,tile_frozen_encoder_logistic,efficientnet_b0_tiles_meanmax,temperature_scaled,3,2,31
3,20260608,3,val,tile_frozen_encoder_logistic,efficientnet_b0_tiles_meanmax,temperature_scaled,3,3,19
3,20260608,4,test,tile_frozen_encoder_logistic,efficientnet_b0_tiles_meanmax,raw,1,1,20
3,20260608,4,test,tile_frozen_encoder_logistic,efficientnet_b0_tiles_meanmax,raw,1,2,14
3,20260608,4,test,tile_frozen_encoder_logistic,efficientnet_b0_tiles_meanmax,raw,1,3,0
3,20260608,4,test,tile_frozen_encoder_logistic,efficientnet_b0_tiles_meanmax,raw,2,1,17
3,20260608,4,test,tile_frozen_encoder_logistic,efficientnet_b0_tiles_meanmax,raw,2,2,69
3,20260608,4,test,tile_frozen_encoder_logistic,efficientnet_b0_tiles_meanmax,raw,2,3,26
3,20260608,4,test,tile_frozen_encoder_logistic,efficientnet_b0_tiles_meanmax,raw,3,1,5
3,20260608,4,test,tile_frozen_encoder_logistic,efficientnet_b0_tiles_meanmax,raw,3,2,23
3,20260608,4,test,tile_frozen_encoder_logistic,efficientnet_b0_tiles_meanmax,raw,3,3,23
3,20260608,4,test,tile_frozen_encoder_logistic,efficientnet_b0_tiles_meanmax,temperature_scaled,1,1,20
3,20260608,4,test,tile_frozen_encoder_logistic,efficientnet_b0_tiles_meanmax,temperature_scaled,1,2,14
3,20260608,4,test,tile_frozen_encoder_logistic,efficientnet_b0_tiles_meanmax,temperature_scaled,1,3,0
3,20260608,4,test,tile_frozen_encoder_logistic,efficientnet_b0_tiles_meanmax,temperature_scaled,2,1,17
3,20260608,4,test,tile_frozen_encoder_logistic,efficientnet_b0_tiles_meanmax,temperature_scaled,2,2,69
3,20260608,4,test,tile_frozen_encoder_logistic,efficientnet_b0_tiles_meanmax,temperature_scaled,2,3,26
3,20260608,4,test,tile_frozen_encoder_logistic,efficientnet_b0_tiles_meanmax,temperature_scaled,3,1,5
3,20260608,4,test,tile_frozen_encoder_logistic,efficientnet_b0_tiles_meanmax,temperature_scaled,3,2,23
3,20260608,4,test,tile_frozen_encoder_logistic,efficientnet_b0_tiles_meanmax,temperature_scaled,3,3,23
3,20260608,4,val,tile_frozen_encoder_logistic,efficientnet_b0_tiles_meanmax,raw,1,1,20
3,20260608,4,val,tile_frozen_encoder_logistic,efficientnet_b0_tiles_meanmax,raw,1,2,12
3,20260608,4,val,tile_frozen_encoder_logistic,efficientnet_b0_tiles_meanmax,raw,1,3,2
3,20260608,4,val,tile_frozen_encoder_logistic,efficientnet_b0_tiles_meanmax,raw,2,1,9
3,20260608,4,val,tile_frozen_encoder_logistic,efficientnet_b0_tiles_meanmax,raw,2,2,83
3,20260608,4,val,tile_frozen_encoder_logistic,efficientnet_b0_tiles_meanmax,raw,2,3,20
3,20260608,4,val,tile_frozen_encoder_logistic,efficientnet_b0_tiles_meanmax,raw,3,1,3
3,20260608,4,val,tile_frozen_encoder_logistic,efficientnet_b0_tiles_meanmax,raw,3,2,28
3,20260608,4,val,tile_frozen_encoder_logistic,efficientnet_b0_tiles_meanmax,raw,3,3,21
3,20260608,4,val,tile_frozen_encoder_logistic,efficientnet_b0_tiles_meanmax,temperature_scaled,1,1,20
3,20260608,4,val,tile_frozen_encoder_logistic,efficientnet_b0_tiles_meanmax,temperature_scaled,1,2,12
3,20260608,4,val,tile_frozen_encoder_logistic,efficientnet_b0_tiles_meanmax,temperature_scaled,1,3,2
3,20260608,4,val,tile_frozen_encoder_logistic,efficientnet_b0_tiles_meanmax,temperature_scaled,2,1,9
3,20260608,4,val,tile_frozen_encoder_logistic,efficientnet_b0_tiles_meanmax,temperature_scaled,2,2,83
3,20260608,4,val,tile_frozen_encoder_logistic,efficientnet_b0_tiles_meanmax,temperature_scaled,2,3,20
3,20260608,4,val,tile_frozen_encoder_logistic,efficientnet_b0_tiles_meanmax,temperature_scaled,3,1,3
3,20260608,4,val,tile_frozen_encoder_logistic,efficientnet_b0_tiles_meanmax,temperature_scaled,3,2,28
3,20260608,4,val,tile_frozen_encoder_logistic,efficientnet_b0_tiles_meanmax,temperature_scaled,3,3,21
