repeat,seed,fold,eval_split,model,encoder,probability_mode,bin,n,confidence_mean,accuracy
1,20260606,0,test,lightly_finetuned_cnn,efficientnet_b0,raw,0.0-0.1,0,0.00000000,0.00000000
1,20260606,0,test,lightly_finetuned_cnn,efficientnet_b0,raw,0.1-0.2,0,0.00000000,0.00000000
1,20260606,0,test,lightly_finetuned_cnn,efficientnet_b0,raw,0.2-0.3,0,0.00000000,0.00000000
1,20260606,0,test,lightly_finetuned_cnn,efficientnet_b0,raw,0.3-0.4,19,0.37396052,0.31578947
1,20260606,0,test,lightly_finetuned_cnn,efficientnet_b0,raw,0.4-0.5,66,0.45073942,0.57575758
1,20260606,0,test,lightly_finetuned_cnn,efficientnet_b0,raw,0.5-0.6,66,0.53967062,0.60606061
1,20260606,0,test,lightly_finetuned_cnn,efficientnet_b0,raw,0.6-0.7,31,0.63589345,0.61290323
1,20260606,0,test,lightly_finetuned_cnn,efficientnet_b0,raw,0.7-0.8,11,0.72779856,0.72727273
1,20260606,0,test,lightly_finetuned_cnn,efficientnet_b0,raw,0.8-0.9,5,0.83330638,1.00000000
1,20260606,0,test,lightly_finetuned_cnn,efficientnet_b0,raw,0.9-1.0,0,0.00000000,0.00000000
1,20260606,0,test,lightly_finetuned_cnn,efficientnet_b0,temperature_scaled,0.0-0.1,0,0.00000000,0.00000000
1,20260606,0,test,lightly_finetuned_cnn,efficientnet_b0,temperature_scaled,0.1-0.2,0,0.00000000,0.00000000
1,20260606,0,test,lightly_finetuned_cnn,efficientnet_b0,temperature_scaled,0.2-0.3,0,0.00000000,0.00000000
1,20260606,0,test,lightly_finetuned_cnn,efficientnet_b0,temperature_scaled,0.3-0.4,20,0.37044339,0.30000000
1,20260606,0,test,lightly_finetuned_cnn,efficientnet_b0,temperature_scaled,0.4-0.5,83,0.45050326,0.60240964
1,20260606,0,test,lightly_finetuned_cnn,efficientnet_b0,temperature_scaled,0.5-0.6,63,0.54200314,0.58730159
1,20260606,0,test,lightly_finetuned_cnn,efficientnet_b0,temperature_scaled,0.6-0.7,25,0.64207529,0.64000000
1,20260606,0,test,lightly_finetuned_cnn,efficientnet_b0,temperature_scaled,0.7-0.8,4,0.76377475,1.00000000
1,20260606,0,test,lightly_finetuned_cnn,efficientnet_b0,temperature_scaled,0.8-0.9,3,0.81163223,1.00000000
1,20260606,0,test,lightly_finetuned_cnn,efficientnet_b0,temperature_scaled,0.9-1.0,0,0.00000000,0.00000000
1,20260606,0,val,lightly_finetuned_cnn,efficientnet_b0,raw,0.0-0.1,0,0.00000000,0.00000000
1,20260606,0,val,lightly_finetuned_cnn,efficientnet_b0,raw,0.1-0.2,0,0.00000000,0.00000000
1,20260606,0,val,lightly_finetuned_cnn,efficientnet_b0,raw,0.2-0.3,0,0.00000000,0.00000000
1,20260606,0,val,lightly_finetuned_cnn,efficientnet_b0,raw,0.3-0.4,10,0.37175064,0.30000000
1,20260606,0,val,lightly_finetuned_cnn,efficientnet_b0,raw,0.4-0.5,73,0.44986177,0.42465753
1,20260606,0,val,lightly_finetuned_cnn,efficientnet_b0,raw,0.5-0.6,54,0.54790082,0.57407407
1,20260606,0,val,lightly_finetuned_cnn,efficientnet_b0,raw,0.6-0.7,41,0.64466886,0.58536585
1,20260606,0,val,lightly_finetuned_cnn,efficientnet_b0,raw,0.7-0.8,19,0.75259810,0.52631579
1,20260606,0,val,lightly_finetuned_cnn,efficientnet_b0,raw,0.8-0.9,1,0.80158996,1.00000000
1,20260606,0,val,lightly_finetuned_cnn,efficientnet_b0,raw,0.9-1.0,0,0.00000000,0.00000000
1,20260606,0,val,lightly_finetuned_cnn,efficientnet_b0,temperature_scaled,0.0-0.1,0,0.00000000,0.00000000
1,20260606,0,val,lightly_finetuned_cnn,efficientnet_b0,temperature_scaled,0.1-0.2,0,0.00000000,0.00000000
1,20260606,0,val,lightly_finetuned_cnn,efficientnet_b0,temperature_scaled,0.2-0.3,0,0.00000000,0.00000000
1,20260606,0,val,lightly_finetuned_cnn,efficientnet_b0,temperature_scaled,0.3-0.4,17,0.37972593,0.35294118
1,20260606,0,val,lightly_finetuned_cnn,efficientnet_b0,temperature_scaled,0.4-0.5,75,0.44729478,0.42666667
1,20260606,0,val,lightly_finetuned_cnn,efficientnet_b0,temperature_scaled,0.5-0.6,63,0.54683358,0.60317460
1,20260606,0,val,lightly_finetuned_cnn,efficientnet_b0,temperature_scaled,0.6-0.7,29,0.64490082,0.48275862
1,20260606,0,val,lightly_finetuned_cnn,efficientnet_b0,temperature_scaled,0.7-0.8,14,0.73250112,0.71428571
1,20260606,0,val,lightly_finetuned_cnn,efficientnet_b0,temperature_scaled,0.8-0.9,0,0.00000000,0.00000000
1,20260606,0,val,lightly_finetuned_cnn,efficientnet_b0,temperature_scaled,0.9-1.0,0,0.00000000,0.00000000
1,20260606,1,test,lightly_finetuned_cnn,efficientnet_b0,raw,0.0-0.1,0,0.00000000,0.00000000
1,20260606,1,test,lightly_finetuned_cnn,efficientnet_b0,raw,0.1-0.2,0,0.00000000,0.00000000
1,20260606,1,test,lightly_finetuned_cnn,efficientnet_b0,raw,0.2-0.3,0,0.00000000,0.00000000
1,20260606,1,test,lightly_finetuned_cnn,efficientnet_b0,raw,0.3-0.4,13,0.37784760,0.46153846
1,20260606,1,test,lightly_finetuned_cnn,efficientnet_b0,raw,0.4-0.5,61,0.44699900,0.44262295
1,20260606,1,test,lightly_finetuned_cnn,efficientnet_b0,raw,0.5-0.6,62,0.54708916,0.46774194
1,20260606,1,test,lightly_finetuned_cnn,efficientnet_b0,raw,0.6-0.7,34,0.64463949,0.64705882
1,20260606,1,test,lightly_finetuned_cnn,efficientnet_b0,raw,0.7-0.8,21,0.75061086,0.47619048
1,20260606,1,test,lightly_finetuned_cnn,efficientnet_b0,raw,0.8-0.9,7,0.84453865,0.71428571
1,20260606,1,test,lightly_finetuned_cnn,efficientnet_b0,raw,0.9-1.0,0,0.00000000,0.00000000
1,20260606,1,test,lightly_finetuned_cnn,efficientnet_b0,temperature_scaled,0.0-0.1,0,0.00000000,0.00000000
1,20260606,1,test,lightly_finetuned_cnn,efficientnet_b0,temperature_scaled,0.1-0.2,0,0.00000000,0.00000000
1,20260606,1,test,lightly_finetuned_cnn,efficientnet_b0,temperature_scaled,0.2-0.3,0,0.00000000,0.00000000
1,20260606,1,test,lightly_finetuned_cnn,efficientnet_b0,temperature_scaled,0.3-0.4,17,0.37723225,0.41176471
1,20260606,1,test,lightly_finetuned_cnn,efficientnet_b0,temperature_scaled,0.4-0.5,75,0.44782641,0.48000000
1,20260606,1,test,lightly_finetuned_cnn,efficientnet_b0,temperature_scaled,0.5-0.6,58,0.54190652,0.46551724
1,20260606,1,test,lightly_finetuned_cnn,efficientnet_b0,temperature_scaled,0.6-0.7,31,0.64376548,0.67741935
1,20260606,1,test,lightly_finetuned_cnn,efficientnet_b0,temperature_scaled,0.7-0.8,13,0.73372964,0.38461538
1,20260606,1,test,lightly_finetuned_cnn,efficientnet_b0,temperature_scaled,0.8-0.9,4,0.82354101,0.75000000
1,20260606,1,test,lightly_finetuned_cnn,efficientnet_b0,temperature_scaled,0.9-1.0,0,0.00000000,0.00000000
1,20260606,1,val,lightly_finetuned_cnn,efficientnet_b0,raw,0.0-0.1,0,0.00000000,0.00000000
1,20260606,1,val,lightly_finetuned_cnn,efficientnet_b0,raw,0.1-0.2,0,0.00000000,0.00000000
1,20260606,1,val,lightly_finetuned_cnn,efficientnet_b0,raw,0.2-0.3,0,0.00000000,0.00000000
1,20260606,1,val,lightly_finetuned_cnn,efficientnet_b0,raw,0.3-0.4,24,0.37417014,0.70833333
1,20260606,1,val,lightly_finetuned_cnn,efficientnet_b0,raw,0.4-0.5,68,0.44916454,0.42647059
1,20260606,1,val,lightly_finetuned_cnn,efficientnet_b0,raw,0.5-0.6,47,0.55875233,0.44680851
1,20260606,1,val,lightly_finetuned_cnn,efficientnet_b0,raw,0.6-0.7,40,0.64345740,0.42500000
1,20260606,1,val,lightly_finetuned_cnn,efficientnet_b0,raw,0.7-0.8,12,0.74151802,0.83333333
1,20260606,1,val,lightly_finetuned_cnn,efficientnet_b0,raw,0.8-0.9,7,0.83973956,0.85714286
1,20260606,1,val,lightly_finetuned_cnn,efficientnet_b0,raw,0.9-1.0,0,0.00000000,0.00000000
1,20260606,1,val,lightly_finetuned_cnn,efficientnet_b0,temperature_scaled,0.0-0.1,0,0.00000000,0.00000000
1,20260606,1,val,lightly_finetuned_cnn,efficientnet_b0,temperature_scaled,0.1-0.2,0,0.00000000,0.00000000
1,20260606,1,val,lightly_finetuned_cnn,efficientnet_b0,temperature_scaled,0.2-0.3,0,0.00000000,0.00000000
1,20260606,1,val,lightly_finetuned_cnn,efficientnet_b0,temperature_scaled,0.3-0.4,33,0.37590213,0.60606061
1,20260606,1,val,lightly_finetuned_cnn,efficientnet_b0,temperature_scaled,0.4-0.5,69,0.44658676,0.46376812
1,20260606,1,val,lightly_finetuned_cnn,efficientnet_b0,temperature_scaled,0.5-0.6,57,0.55491800,0.42105263
1,20260606,1,val,lightly_finetuned_cnn,efficientnet_b0,temperature_scaled,0.6-0.7,28,0.63915139,0.50000000
1,20260606,1,val,lightly_finetuned_cnn,efficientnet_b0,temperature_scaled,0.7-0.8,9,0.74616161,1.00000000
1,20260606,1,val,lightly_finetuned_cnn,efficientnet_b0,temperature_scaled,0.8-0.9,2,0.84769466,0.50000000
1,20260606,1,val,lightly_finetuned_cnn,efficientnet_b0,temperature_scaled,0.9-1.0,0,0.00000000,0.00000000
1,20260606,2,test,lightly_finetuned_cnn,efficientnet_b0,raw,0.0-0.1,0,0.00000000,0.00000000
1,20260606,2,test,lightly_finetuned_cnn,efficientnet_b0,raw,0.1-0.2,0,0.00000000,0.00000000
1,20260606,2,test,lightly_finetuned_cnn,efficientnet_b0,raw,0.2-0.3,0,0.00000000,0.00000000
1,20260606,2,test,lightly_finetuned_cnn,efficientnet_b0,raw,0.3-0.4,83,0.37236577,0.34939759
1,20260606,2,test,lightly_finetuned_cnn,efficientnet_b0,raw,0.4-0.5,103,0.43512814,0.57281553
1,20260606,2,test,lightly_finetuned_cnn,efficientnet_b0,raw,0.5-0.6,12,0.51617618,0.66666667
1,20260606,2,test,lightly_finetuned_cnn,efficientnet_b0,raw,0.6-0.7,0,0.00000000,0.00000000
1,20260606,2,test,lightly_finetuned_cnn,efficientnet_b0,raw,0.7-0.8,0,0.00000000,0.00000000
1,20260606,2,test,lightly_finetuned_cnn,efficientnet_b0,raw,0.8-0.9,0,0.00000000,0.00000000
1,20260606,2,test,lightly_finetuned_cnn,efficientnet_b0,raw,0.9-1.0,0,0.00000000,0.00000000
1,20260606,2,test,lightly_finetuned_cnn,efficientnet_b0,temperature_scaled,0.0-0.1,0,0.00000000,0.00000000
1,20260606,2,test,lightly_finetuned_cnn,efficientnet_b0,temperature_scaled,0.1-0.2,0,0.00000000,0.00000000
1,20260606,2,test,lightly_finetuned_cnn,efficientnet_b0,temperature_scaled,0.2-0.3,0,0.00000000,0.00000000
1,20260606,2,test,lightly_finetuned_cnn,efficientnet_b0,temperature_scaled,0.3-0.4,27,0.37477885,0.37037037
1,20260606,2,test,lightly_finetuned_cnn,efficientnet_b0,temperature_scaled,0.4-0.5,76,0.44784081,0.43421053
1,20260606,2,test,lightly_finetuned_cnn,efficientnet_b0,temperature_scaled,0.5-0.6,64,0.53861195,0.56250000
1,20260606,2,test,lightly_finetuned_cnn,efficientnet_b0,temperature_scaled,0.6-0.7,28,0.63815811,0.60714286
1,20260606,2,test,lightly_finetuned_cnn,efficientnet_b0,temperature_scaled,0.7-0.8,3,0.74836087,0.00000000
1,20260606,2,test,lightly_finetuned_cnn,efficientnet_b0,temperature_scaled,0.8-0.9,0,0.00000000,0.00000000
1,20260606,2,test,lightly_finetuned_cnn,efficientnet_b0,temperature_scaled,0.9-1.0,0,0.00000000,0.00000000
1,20260606,2,val,lightly_finetuned_cnn,efficientnet_b0,raw,0.0-0.1,0,0.00000000,0.00000000
1,20260606,2,val,lightly_finetuned_cnn,efficientnet_b0,raw,0.1-0.2,0,0.00000000,0.00000000
1,20260606,2,val,lightly_finetuned_cnn,efficientnet_b0,raw,0.2-0.3,0,0.00000000,0.00000000
1,20260606,2,val,lightly_finetuned_cnn,efficientnet_b0,raw,0.3-0.4,92,0.37375170,0.40217391
1,20260606,2,val,lightly_finetuned_cnn,efficientnet_b0,raw,0.4-0.5,97,0.43592117,0.48453608
1,20260606,2,val,lightly_finetuned_cnn,efficientnet_b0,raw,0.5-0.6,7,0.51808343,0.71428571
1,20260606,2,val,lightly_finetuned_cnn,efficientnet_b0,raw,0.6-0.7,1,0.64432037,1.00000000
1,20260606,2,val,lightly_finetuned_cnn,efficientnet_b0,raw,0.7-0.8,0,0.00000000,0.00000000
1,20260606,2,val,lightly_finetuned_cnn,efficientnet_b0,raw,0.8-0.9,0,0.00000000,0.00000000
1,20260606,2,val,lightly_finetuned_cnn,efficientnet_b0,raw,0.9-1.0,0,0.00000000,0.00000000
1,20260606,2,val,lightly_finetuned_cnn,efficientnet_b0,temperature_scaled,0.0-0.1,0,0.00000000,0.00000000
1,20260606,2,val,lightly_finetuned_cnn,efficientnet_b0,temperature_scaled,0.1-0.2,0,0.00000000,0.00000000
1,20260606,2,val,lightly_finetuned_cnn,efficientnet_b0,temperature_scaled,0.2-0.3,0,0.00000000,0.00000000
1,20260606,2,val,lightly_finetuned_cnn,efficientnet_b0,temperature_scaled,0.3-0.4,25,0.37725444,0.52000000
1,20260606,2,val,lightly_finetuned_cnn,efficientnet_b0,temperature_scaled,0.4-0.5,94,0.44812658,0.40425532
1,20260606,2,val,lightly_finetuned_cnn,efficientnet_b0,temperature_scaled,0.5-0.6,54,0.54756658,0.46296296
1,20260606,2,val,lightly_finetuned_cnn,efficientnet_b0,temperature_scaled,0.6-0.7,20,0.63807908,0.50000000
1,20260606,2,val,lightly_finetuned_cnn,efficientnet_b0,temperature_scaled,0.7-0.8,3,0.72272633,1.00000000
1,20260606,2,val,lightly_finetuned_cnn,efficientnet_b0,temperature_scaled,0.8-0.9,1,0.88503014,1.00000000
1,20260606,2,val,lightly_finetuned_cnn,efficientnet_b0,temperature_scaled,0.9-1.0,0,0.00000000,0.00000000
1,20260606,3,test,lightly_finetuned_cnn,efficientnet_b0,raw,0.0-0.1,0,0.00000000,0.00000000
1,20260606,3,test,lightly_finetuned_cnn,efficientnet_b0,raw,0.1-0.2,0,0.00000000,0.00000000
1,20260606,3,test,lightly_finetuned_cnn,efficientnet_b0,raw,0.2-0.3,0,0.00000000,0.00000000
1,20260606,3,test,lightly_finetuned_cnn,efficientnet_b0,raw,0.3-0.4,15,0.36833143,0.40000000
1,20260606,3,test,lightly_finetuned_cnn,efficientnet_b0,raw,0.4-0.5,51,0.45696012,0.47058824
1,20260606,3,test,lightly_finetuned_cnn,efficientnet_b0,raw,0.5-0.6,59,0.54793217,0.49152542
1,20260606,3,test,lightly_finetuned_cnn,efficientnet_b0,raw,0.6-0.7,40,0.64539130,0.55000000
1,20260606,3,test,lightly_finetuned_cnn,efficientnet_b0,raw,0.7-0.8,18,0.74605361,0.44444444
1,20260606,3,test,lightly_finetuned_cnn,efficientnet_b0,raw,0.8-0.9,12,0.85323935,0.41666667
1,20260606,3,test,lightly_finetuned_cnn,efficientnet_b0,raw,0.9-1.0,2,0.90621166,1.00000000
1,20260606,3,test,lightly_finetuned_cnn,efficientnet_b0,temperature_scaled,0.0-0.1,0,0.00000000,0.00000000
1,20260606,3,test,lightly_finetuned_cnn,efficientnet_b0,temperature_scaled,0.1-0.2,0,0.00000000,0.00000000
1,20260606,3,test,lightly_finetuned_cnn,efficientnet_b0,temperature_scaled,0.2-0.3,0,0.00000000,0.00000000
1,20260606,3,test,lightly_finetuned_cnn,efficientnet_b0,temperature_scaled,0.3-0.4,25,0.37245494,0.44000000
1,20260606,3,test,lightly_finetuned_cnn,efficientnet_b0,temperature_scaled,0.4-0.5,80,0.45771671,0.47500000
1,20260606,3,test,lightly_finetuned_cnn,efficientnet_b0,temperature_scaled,0.5-0.6,53,0.54733728,0.52830189
1,20260606,3,test,lightly_finetuned_cnn,efficientnet_b0,temperature_scaled,0.6-0.7,24,0.64087240,0.50000000
1,20260606,3,test,lightly_finetuned_cnn,efficientnet_b0,temperature_scaled,0.7-0.8,11,0.74640506,0.36363636
1,20260606,3,test,lightly_finetuned_cnn,efficientnet_b0,temperature_scaled,0.8-0.9,4,0.81462113,0.75000000
1,20260606,3,test,lightly_finetuned_cnn,efficientnet_b0,temperature_scaled,0.9-1.0,0,0.00000000,0.00000000
1,20260606,3,val,lightly_finetuned_cnn,efficientnet_b0,raw,0.0-0.1,0,0.00000000,0.00000000
1,20260606,3,val,lightly_finetuned_cnn,efficientnet_b0,raw,0.1-0.2,0,0.00000000,0.00000000
1,20260606,3,val,lightly_finetuned_cnn,efficientnet_b0,raw,0.2-0.3,0,0.00000000,0.00000000
1,20260606,3,val,lightly_finetuned_cnn,efficientnet_b0,raw,0.3-0.4,13,0.37031981,0.61538462
1,20260606,3,val,lightly_finetuned_cnn,efficientnet_b0,raw,0.4-0.5,55,0.44920611,0.52727273
1,20260606,3,val,lightly_finetuned_cnn,efficientnet_b0,raw,0.5-0.6,62,0.54662424,0.48387097
1,20260606,3,val,lightly_finetuned_cnn,efficientnet_b0,raw,0.6-0.7,35,0.65249637,0.51428571
1,20260606,3,val,lightly_finetuned_cnn,efficientnet_b0,raw,0.7-0.8,15,0.74452699,0.53333333
1,20260606,3,val,lightly_finetuned_cnn,efficientnet_b0,raw,0.8-0.9,15,0.85199195,0.66666667
1,20260606,3,val,lightly_finetuned_cnn,efficientnet_b0,raw,0.9-1.0,2,0.91701932,0.00000000
1,20260606,3,val,lightly_finetuned_cnn,efficientnet_b0,temperature_scaled,0.0-0.1,0,0.00000000,0.00000000
1,20260606,3,val,lightly_finetuned_cnn,efficientnet_b0,temperature_scaled,0.1-0.2,0,0.00000000,0.00000000
1,20260606,3,val,lightly_finetuned_cnn,efficientnet_b0,temperature_scaled,0.2-0.3,0,0.00000000,0.00000000
1,20260606,3,val,lightly_finetuned_cnn,efficientnet_b0,temperature_scaled,0.3-0.4,26,0.37597755,0.53846154
1,20260606,3,val,lightly_finetuned_cnn,efficientnet_b0,temperature_scaled,0.4-0.5,76,0.45197366,0.50000000
1,20260606,3,val,lightly_finetuned_cnn,efficientnet_b0,temperature_scaled,0.5-0.6,56,0.54287726,0.51785714
1,20260606,3,val,lightly_finetuned_cnn,efficientnet_b0,temperature_scaled,0.6-0.7,22,0.64188374,0.54545455
1,20260606,3,val,lightly_finetuned_cnn,efficientnet_b0,temperature_scaled,0.7-0.8,14,0.75765805,0.64285714
1,20260606,3,val,lightly_finetuned_cnn,efficientnet_b0,temperature_scaled,0.8-0.9,3,0.82596506,0.33333333
1,20260606,3,val,lightly_finetuned_cnn,efficientnet_b0,temperature_scaled,0.9-1.0,0,0.00000000,0.00000000
1,20260606,4,test,lightly_finetuned_cnn,efficientnet_b0,raw,0.0-0.1,0,0.00000000,0.00000000
1,20260606,4,test,lightly_finetuned_cnn,efficientnet_b0,raw,0.1-0.2,0,0.00000000,0.00000000
1,20260606,4,test,lightly_finetuned_cnn,efficientnet_b0,raw,0.2-0.3,0,0.00000000,0.00000000
1,20260606,4,test,lightly_finetuned_cnn,efficientnet_b0,raw,0.3-0.4,27,0.37673070,0.37037037
1,20260606,4,test,lightly_finetuned_cnn,efficientnet_b0,raw,0.4-0.5,92,0.45372610,0.45652174
1,20260606,4,test,lightly_finetuned_cnn,efficientnet_b0,raw,0.5-0.6,50,0.54540252,0.48000000
1,20260606,4,test,lightly_finetuned_cnn,efficientnet_b0,raw,0.6-0.7,20,0.64861140,0.70000000
1,20260606,4,test,lightly_finetuned_cnn,efficientnet_b0,raw,0.7-0.8,8,0.73791857,0.37500000
1,20260606,4,test,lightly_finetuned_cnn,efficientnet_b0,raw,0.8-0.9,0,0.00000000,0.00000000
1,20260606,4,test,lightly_finetuned_cnn,efficientnet_b0,raw,0.9-1.0,0,0.00000000,0.00000000
1,20260606,4,test,lightly_finetuned_cnn,efficientnet_b0,temperature_scaled,0.0-0.1,0,0.00000000,0.00000000
1,20260606,4,test,lightly_finetuned_cnn,efficientnet_b0,temperature_scaled,0.1-0.2,0,0.00000000,0.00000000
1,20260606,4,test,lightly_finetuned_cnn,efficientnet_b0,temperature_scaled,0.2-0.3,0,0.00000000,0.00000000
1,20260606,4,test,lightly_finetuned_cnn,efficientnet_b0,temperature_scaled,0.3-0.4,13,0.37927601,0.23076923
1,20260606,4,test,lightly_finetuned_cnn,efficientnet_b0,temperature_scaled,0.4-0.5,50,0.45320799,0.48000000
1,20260606,4,test,lightly_finetuned_cnn,efficientnet_b0,temperature_scaled,0.5-0.6,63,0.54683832,0.44444444
1,20260606,4,test,lightly_finetuned_cnn,efficientnet_b0,temperature_scaled,0.6-0.7,40,0.64877223,0.52500000
1,20260606,4,test,lightly_finetuned_cnn,efficientnet_b0,temperature_scaled,0.7-0.8,17,0.75164039,0.58823529
1,20260606,4,test,lightly_finetuned_cnn,efficientnet_b0,temperature_scaled,0.8-0.9,13,0.84359843,0.46153846
1,20260606,4,test,lightly_finetuned_cnn,efficientnet_b0,temperature_scaled,0.9-1.0,1,0.91222834,1.00000000
1,20260606,4,val,lightly_finetuned_cnn,efficientnet_b0,raw,0.0-0.1,0,0.00000000,0.00000000
1,20260606,4,val,lightly_finetuned_cnn,efficientnet_b0,raw,0.1-0.2,0,0.00000000,0.00000000
1,20260606,4,val,lightly_finetuned_cnn,efficientnet_b0,raw,0.2-0.3,0,0.00000000,0.00000000
1,20260606,4,val,lightly_finetuned_cnn,efficientnet_b0,raw,0.3-0.4,33,0.37742193,0.42424242
1,20260606,4,val,lightly_finetuned_cnn,efficientnet_b0,raw,0.4-0.5,95,0.44598127,0.46315789
1,20260606,4,val,lightly_finetuned_cnn,efficientnet_b0,raw,0.5-0.6,47,0.54224842,0.68085106
1,20260606,4,val,lightly_finetuned_cnn,efficientnet_b0,raw,0.6-0.7,19,0.64642084,0.68421053
1,20260606,4,val,lightly_finetuned_cnn,efficientnet_b0,raw,0.7-0.8,4,0.73908848,1.00000000
1,20260606,4,val,lightly_finetuned_cnn,efficientnet_b0,raw,0.8-0.9,0,0.00000000,0.00000000
1,20260606,4,val,lightly_finetuned_cnn,efficientnet_b0,raw,0.9-1.0,0,0.00000000,0.00000000
1,20260606,4,val,lightly_finetuned_cnn,efficientnet_b0,temperature_scaled,0.0-0.1,0,0.00000000,0.00000000
1,20260606,4,val,lightly_finetuned_cnn,efficientnet_b0,temperature_scaled,0.1-0.2,0,0.00000000,0.00000000
1,20260606,4,val,lightly_finetuned_cnn,efficientnet_b0,temperature_scaled,0.2-0.3,0,0.00000000,0.00000000
1,20260606,4,val,lightly_finetuned_cnn,efficientnet_b0,temperature_scaled,0.3-0.4,13,0.37410119,0.30769231
1,20260606,4,val,lightly_finetuned_cnn,efficientnet_b0,temperature_scaled,0.4-0.5,70,0.45305924,0.50000000
1,20260606,4,val,lightly_finetuned_cnn,efficientnet_b0,temperature_scaled,0.5-0.6,59,0.54556917,0.50847458
1,20260606,4,val,lightly_finetuned_cnn,efficientnet_b0,temperature_scaled,0.6-0.7,28,0.64858054,0.64285714
1,20260606,4,val,lightly_finetuned_cnn,efficientnet_b0,temperature_scaled,0.7-0.8,17,0.73870513,0.70588235
1,20260606,4,val,lightly_finetuned_cnn,efficientnet_b0,temperature_scaled,0.8-0.9,11,0.83029032,0.72727273
1,20260606,4,val,lightly_finetuned_cnn,efficientnet_b0,temperature_scaled,0.9-1.0,0,0.00000000,0.00000000
2,20260607,0,test,lightly_finetuned_cnn,efficientnet_b0,raw,0.0-0.1,0,0.00000000,0.00000000
2,20260607,0,test,lightly_finetuned_cnn,efficientnet_b0,raw,0.1-0.2,0,0.00000000,0.00000000
2,20260607,0,test,lightly_finetuned_cnn,efficientnet_b0,raw,0.2-0.3,0,0.00000000,0.00000000
2,20260607,0,test,lightly_finetuned_cnn,efficientnet_b0,raw,0.3-0.4,13,0.38157538,0.23076923
2,20260607,0,test,lightly_finetuned_cnn,efficientnet_b0,raw,0.4-0.5,65,0.45497213,0.41538462
2,20260607,0,test,lightly_finetuned_cnn,efficientnet_b0,raw,0.5-0.6,57,0.54413429,0.45614035
2,20260607,0,test,lightly_finetuned_cnn,efficientnet_b0,raw,0.6-0.7,25,0.64501511,0.56000000
2,20260607,0,test,lightly_finetuned_cnn,efficientnet_b0,raw,0.7-0.8,30,0.73438636,0.50000000
2,20260607,0,test,lightly_finetuned_cnn,efficientnet_b0,raw,0.8-0.9,7,0.85702386,1.00000000
2,20260607,0,test,lightly_finetuned_cnn,efficientnet_b0,raw,0.9-1.0,1,0.90676789,1.00000000
2,20260607,0,test,lightly_finetuned_cnn,efficientnet_b0,temperature_scaled,0.0-0.1,0,0.00000000,0.00000000
2,20260607,0,test,lightly_finetuned_cnn,efficientnet_b0,temperature_scaled,0.1-0.2,0,0.00000000,0.00000000
2,20260607,0,test,lightly_finetuned_cnn,efficientnet_b0,temperature_scaled,0.2-0.3,0,0.00000000,0.00000000
2,20260607,0,test,lightly_finetuned_cnn,efficientnet_b0,temperature_scaled,0.3-0.4,15,0.38057537,0.26666667
2,20260607,0,test,lightly_finetuned_cnn,efficientnet_b0,temperature_scaled,0.4-0.5,70,0.45284469,0.41428571
2,20260607,0,test,lightly_finetuned_cnn,efficientnet_b0,temperature_scaled,0.5-0.6,56,0.54181832,0.46428571
2,20260607,0,test,lightly_finetuned_cnn,efficientnet_b0,temperature_scaled,0.6-0.7,27,0.65091340,0.55555556
2,20260607,0,test,lightly_finetuned_cnn,efficientnet_b0,temperature_scaled,0.7-0.8,22,0.72001181,0.50000000
2,20260607,0,test,lightly_finetuned_cnn,efficientnet_b0,temperature_scaled,0.8-0.9,8,0.84191168,1.00000000
2,20260607,0,test,lightly_finetuned_cnn,efficientnet_b0,temperature_scaled,0.9-1.0,0,0.00000000,0.00000000
2,20260607,0,val,lightly_finetuned_cnn,efficientnet_b0,raw,0.0-0.1,0,0.00000000,0.00000000
2,20260607,0,val,lightly_finetuned_cnn,efficientnet_b0,raw,0.1-0.2,0,0.00000000,0.00000000
2,20260607,0,val,lightly_finetuned_cnn,efficientnet_b0,raw,0.2-0.3,0,0.00000000,0.00000000
2,20260607,0,val,lightly_finetuned_cnn,efficientnet_b0,raw,0.3-0.4,10,0.38412066,0.30000000
2,20260607,0,val,lightly_finetuned_cnn,efficientnet_b0,raw,0.4-0.5,62,0.45052292,0.48387097
2,20260607,0,val,lightly_finetuned_cnn,efficientnet_b0,raw,0.5-0.6,61,0.55077535,0.62295082
2,20260607,0,val,lightly_finetuned_cnn,efficientnet_b0,raw,0.6-0.7,37,0.64216272,0.51351351
2,20260607,0,val,lightly_finetuned_cnn,efficientnet_b0,raw,0.7-0.8,17,0.74850845,0.52941176
2,20260607,0,val,lightly_finetuned_cnn,efficientnet_b0,raw,0.8-0.9,10,0.84019575,0.80000000
2,20260607,0,val,lightly_finetuned_cnn,efficientnet_b0,raw,0.9-1.0,1,0.90458974,1.00000000
2,20260607,0,val,lightly_finetuned_cnn,efficientnet_b0,temperature_scaled,0.0-0.1,0,0.00000000,0.00000000
2,20260607,0,val,lightly_finetuned_cnn,efficientnet_b0,temperature_scaled,0.1-0.2,0,0.00000000,0.00000000
2,20260607,0,val,lightly_finetuned_cnn,efficientnet_b0,temperature_scaled,0.2-0.3,0,0.00000000,0.00000000
2,20260607,0,val,lightly_finetuned_cnn,efficientnet_b0,temperature_scaled,0.3-0.4,13,0.38436184,0.38461538
2,20260607,0,val,lightly_finetuned_cnn,efficientnet_b0,temperature_scaled,0.4-0.5,64,0.44881885,0.48437500
2,20260607,0,val,lightly_finetuned_cnn,efficientnet_b0,temperature_scaled,0.5-0.6,63,0.54543901,0.65079365
2,20260607,0,val,lightly_finetuned_cnn,efficientnet_b0,temperature_scaled,0.6-0.7,31,0.63137454,0.41935484
2,20260607,0,val,lightly_finetuned_cnn,efficientnet_b0,temperature_scaled,0.7-0.8,18,0.73351720,0.61111111
2,20260607,0,val,lightly_finetuned_cnn,efficientnet_b0,temperature_scaled,0.8-0.9,9,0.83095799,0.77777778
2,20260607,0,val,lightly_finetuned_cnn,efficientnet_b0,temperature_scaled,0.9-1.0,0,0.00000000,0.00000000
2,20260607,1,test,lightly_finetuned_cnn,efficientnet_b0,raw,0.0-0.1,0,0.00000000,0.00000000
2,20260607,1,test,lightly_finetuned_cnn,efficientnet_b0,raw,0.1-0.2,0,0.00000000,0.00000000
2,20260607,1,test,lightly_finetuned_cnn,efficientnet_b0,raw,0.2-0.3,0,0.00000000,0.00000000
2,20260607,1,test,lightly_finetuned_cnn,efficientnet_b0,raw,0.3-0.4,11,0.37845036,0.27272727
2,20260607,1,test,lightly_finetuned_cnn,efficientnet_b0,raw,0.4-0.5,52,0.46298444,0.34615385
2,20260607,1,test,lightly_finetuned_cnn,efficientnet_b0,raw,0.5-0.6,63,0.54058774,0.52380952
2,20260607,1,test,lightly_finetuned_cnn,efficientnet_b0,raw,0.6-0.7,34,0.64584746,0.47058824
2,20260607,1,test,lightly_finetuned_cnn,efficientnet_b0,raw,0.7-0.8,21,0.74993915,0.66666667
2,20260607,1,test,lightly_finetuned_cnn,efficientnet_b0,raw,0.8-0.9,15,0.84769615,0.53333333
2,20260607,1,test,lightly_finetuned_cnn,efficientnet_b0,raw,0.9-1.0,2,0.92773720,1.00000000
2,20260607,1,test,lightly_finetuned_cnn,efficientnet_b0,temperature_scaled,0.0-0.1,0,0.00000000,0.00000000
2,20260607,1,test,lightly_finetuned_cnn,efficientnet_b0,temperature_scaled,0.1-0.2,0,0.00000000,0.00000000
2,20260607,1,test,lightly_finetuned_cnn,efficientnet_b0,temperature_scaled,0.2-0.3,0,0.00000000,0.00000000
2,20260607,1,test,lightly_finetuned_cnn,efficientnet_b0,temperature_scaled,0.3-0.4,25,0.37723925,0.36000000
2,20260607,1,test,lightly_finetuned_cnn,efficientnet_b0,temperature_scaled,0.4-0.5,97,0.44771135,0.45360825
2,20260607,1,test,lightly_finetuned_cnn,efficientnet_b0,temperature_scaled,0.5-0.6,45,0.53873492,0.46666667
2,20260607,1,test,lightly_finetuned_cnn,efficientnet_b0,temperature_scaled,0.6-0.7,22,0.64006614,0.63636364
2,20260607,1,test,lightly_finetuned_cnn,efficientnet_b0,temperature_scaled,0.7-0.8,9,0.73507204,0.66666667
2,20260607,1,test,lightly_finetuned_cnn,efficientnet_b0,temperature_scaled,0.8-0.9,0,0.00000000,0.00000000
2,20260607,1,test,lightly_finetuned_cnn,efficientnet_b0,temperature_scaled,0.9-1.0,0,0.00000000,0.00000000
2,20260607,1,val,lightly_finetuned_cnn,efficientnet_b0,raw,0.0-0.1,0,0.00000000,0.00000000
2,20260607,1,val,lightly_finetuned_cnn,efficientnet_b0,raw,0.1-0.2,0,0.00000000,0.00000000
2,20260607,1,val,lightly_finetuned_cnn,efficientnet_b0,raw,0.2-0.3,0,0.00000000,0.00000000
2,20260607,1,val,lightly_finetuned_cnn,efficientnet_b0,raw,0.3-0.4,11,0.37996362,0.54545455
2,20260607,1,val,lightly_finetuned_cnn,efficientnet_b0,raw,0.4-0.5,51,0.45883964,0.52941176
2,20260607,1,val,lightly_finetuned_cnn,efficientnet_b0,raw,0.5-0.6,55,0.54626966,0.50909091
2,20260607,1,val,lightly_finetuned_cnn,efficientnet_b0,raw,0.6-0.7,48,0.64029878,0.41666667
2,20260607,1,val,lightly_finetuned_cnn,efficientnet_b0,raw,0.7-0.8,19,0.73800332,0.52631579
2,20260607,1,val,lightly_finetuned_cnn,efficientnet_b0,raw,0.8-0.9,11,0.84866468,0.81818182
2,20260607,1,val,lightly_finetuned_cnn,efficientnet_b0,raw,0.9-1.0,3,0.90944366,0.33333333
2,20260607,1,val,lightly_finetuned_cnn,efficientnet_b0,temperature_scaled,0.0-0.1,0,0.00000000,0.00000000
2,20260607,1,val,lightly_finetuned_cnn,efficientnet_b0,temperature_scaled,0.1-0.2,0,0.00000000,0.00000000
2,20260607,1,val,lightly_finetuned_cnn,efficientnet_b0,temperature_scaled,0.2-0.3,0,0.00000000,0.00000000
2,20260607,1,val,lightly_finetuned_cnn,efficientnet_b0,temperature_scaled,0.3-0.4,25,0.37767617,0.44000000
2,20260607,1,val,lightly_finetuned_cnn,efficientnet_b0,temperature_scaled,0.4-0.5,89,0.44829877,0.52808989
2,20260607,1,val,lightly_finetuned_cnn,efficientnet_b0,temperature_scaled,0.5-0.6,62,0.53724060,0.48387097
2,20260607,1,val,lightly_finetuned_cnn,efficientnet_b0,temperature_scaled,0.6-0.7,15,0.64359102,0.66666667
2,20260607,1,val,lightly_finetuned_cnn,efficientnet_b0,temperature_scaled,0.7-0.8,7,0.74263807,0.42857143
2,20260607,1,val,lightly_finetuned_cnn,efficientnet_b0,temperature_scaled,0.8-0.9,0,0.00000000,0.00000000
2,20260607,1,val,lightly_finetuned_cnn,efficientnet_b0,temperature_scaled,0.9-1.0,0,0.00000000,0.00000000
2,20260607,2,test,lightly_finetuned_cnn,efficientnet_b0,raw,0.0-0.1,0,0.00000000,0.00000000
2,20260607,2,test,lightly_finetuned_cnn,efficientnet_b0,raw,0.1-0.2,0,0.00000000,0.00000000
2,20260607,2,test,lightly_finetuned_cnn,efficientnet_b0,raw,0.2-0.3,0,0.00000000,0.00000000
2,20260607,2,test,lightly_finetuned_cnn,efficientnet_b0,raw,0.3-0.4,42,0.37728198,0.52380952
2,20260607,2,test,lightly_finetuned_cnn,efficientnet_b0,raw,0.4-0.5,106,0.44645470,0.49056604
2,20260607,2,test,lightly_finetuned_cnn,efficientnet_b0,raw,0.5-0.6,39,0.53521921,0.56410256
2,20260607,2,test,lightly_finetuned_cnn,efficientnet_b0,raw,0.6-0.7,11,0.62569141,0.45454545
2,20260607,2,test,lightly_finetuned_cnn,efficientnet_b0,raw,0.7-0.8,0,0.00000000,0.00000000
2,20260607,2,test,lightly_finetuned_cnn,efficientnet_b0,raw,0.8-0.9,0,0.00000000,0.00000000
2,20260607,2,test,lightly_finetuned_cnn,efficientnet_b0,raw,0.9-1.0,0,0.00000000,0.00000000
2,20260607,2,test,lightly_finetuned_cnn,efficientnet_b0,temperature_scaled,0.0-0.1,0,0.00000000,0.00000000
2,20260607,2,test,lightly_finetuned_cnn,efficientnet_b0,temperature_scaled,0.1-0.2,0,0.00000000,0.00000000
2,20260607,2,test,lightly_finetuned_cnn,efficientnet_b0,temperature_scaled,0.2-0.3,0,0.00000000,0.00000000
2,20260607,2,test,lightly_finetuned_cnn,efficientnet_b0,temperature_scaled,0.3-0.4,12,0.37576659,0.58333333
2,20260607,2,test,lightly_finetuned_cnn,efficientnet_b0,temperature_scaled,0.4-0.5,65,0.44952552,0.46153846
2,20260607,2,test,lightly_finetuned_cnn,efficientnet_b0,temperature_scaled,0.5-0.6,70,0.54420951,0.51428571
2,20260607,2,test,lightly_finetuned_cnn,efficientnet_b0,temperature_scaled,0.6-0.7,33,0.64909025,0.57575758
2,20260607,2,test,lightly_finetuned_cnn,efficientnet_b0,temperature_scaled,0.7-0.8,14,0.75340363,0.42857143
2,20260607,2,test,lightly_finetuned_cnn,efficientnet_b0,temperature_scaled,0.8-0.9,4,0.83023135,0.75000000
2,20260607,2,test,lightly_finetuned_cnn,efficientnet_b0,temperature_scaled,0.9-1.0,0,0.00000000,0.00000000
2,20260607,2,val,lightly_finetuned_cnn,efficientnet_b0,raw,0.0-0.1,0,0.00000000,0.00000000
2,20260607,2,val,lightly_finetuned_cnn,efficientnet_b0,raw,0.1-0.2,0,0.00000000,0.00000000
2,20260607,2,val,lightly_finetuned_cnn,efficientnet_b0,raw,0.2-0.3,0,0.00000000,0.00000000
2,20260607,2,val,lightly_finetuned_cnn,efficientnet_b0,raw,0.3-0.4,43,0.37537909,0.46511628
2,20260607,2,val,lightly_finetuned_cnn,efficientnet_b0,raw,0.4-0.5,101,0.44252584,0.49504950
2,20260607,2,val,lightly_finetuned_cnn,efficientnet_b0,raw,0.5-0.6,42,0.53376709,0.66666667
2,20260607,2,val,lightly_finetuned_cnn,efficientnet_b0,raw,0.6-0.7,11,0.63195334,0.36363636
2,20260607,2,val,lightly_finetuned_cnn,efficientnet_b0,raw,0.7-0.8,0,0.00000000,0.00000000
2,20260607,2,val,lightly_finetuned_cnn,efficientnet_b0,raw,0.8-0.9,0,0.00000000,0.00000000
2,20260607,2,val,lightly_finetuned_cnn,efficientnet_b0,raw,0.9-1.0,0,0.00000000,0.00000000
2,20260607,2,val,lightly_finetuned_cnn,efficientnet_b0,temperature_scaled,0.0-0.1,0,0.00000000,0.00000000
2,20260607,2,val,lightly_finetuned_cnn,efficientnet_b0,temperature_scaled,0.1-0.2,0,0.00000000,0.00000000
2,20260607,2,val,lightly_finetuned_cnn,efficientnet_b0,temperature_scaled,0.2-0.3,0,0.00000000,0.00000000
2,20260607,2,val,lightly_finetuned_cnn,efficientnet_b0,temperature_scaled,0.3-0.4,16,0.37592837,0.50000000
2,20260607,2,val,lightly_finetuned_cnn,efficientnet_b0,temperature_scaled,0.4-0.5,72,0.45421964,0.51388889
2,20260607,2,val,lightly_finetuned_cnn,efficientnet_b0,temperature_scaled,0.5-0.6,53,0.54441247,0.45283019
2,20260607,2,val,lightly_finetuned_cnn,efficientnet_b0,temperature_scaled,0.6-0.7,36,0.64177187,0.61111111
2,20260607,2,val,lightly_finetuned_cnn,efficientnet_b0,temperature_scaled,0.7-0.8,14,0.74129696,0.64285714
2,20260607,2,val,lightly_finetuned_cnn,efficientnet_b0,temperature_scaled,0.8-0.9,6,0.82524680,0.33333333
2,20260607,2,val,lightly_finetuned_cnn,efficientnet_b0,temperature_scaled,0.9-1.0,0,0.00000000,0.00000000
2,20260607,3,test,lightly_finetuned_cnn,efficientnet_b0,raw,0.0-0.1,0,0.00000000,0.00000000
2,20260607,3,test,lightly_finetuned_cnn,efficientnet_b0,raw,0.1-0.2,0,0.00000000,0.00000000
2,20260607,3,test,lightly_finetuned_cnn,efficientnet_b0,raw,0.2-0.3,0,0.00000000,0.00000000
2,20260607,3,test,lightly_finetuned_cnn,efficientnet_b0,raw,0.3-0.4,15,0.38200956,0.40000000
2,20260607,3,test,lightly_finetuned_cnn,efficientnet_b0,raw,0.4-0.5,64,0.44962286,0.32812500
2,20260607,3,test,lightly_finetuned_cnn,efficientnet_b0,raw,0.5-0.6,52,0.54746050,0.48076923
2,20260607,3,test,lightly_finetuned_cnn,efficientnet_b0,raw,0.6-0.7,28,0.65019542,0.35714286
2,20260607,3,test,lightly_finetuned_cnn,efficientnet_b0,raw,0.7-0.8,28,0.74016317,0.60714286
2,20260607,3,test,lightly_finetuned_cnn,efficientnet_b0,raw,0.8-0.9,9,0.86078431,0.55555556
2,20260607,3,test,lightly_finetuned_cnn,efficientnet_b0,raw,0.9-1.0,1,0.90163486,1.00000000
2,20260607,3,test,lightly_finetuned_cnn,efficientnet_b0,temperature_scaled,0.0-0.1,0,0.00000000,0.00000000
2,20260607,3,test,lightly_finetuned_cnn,efficientnet_b0,temperature_scaled,0.1-0.2,0,0.00000000,0.00000000
2,20260607,3,test,lightly_finetuned_cnn,efficientnet_b0,temperature_scaled,0.2-0.3,0,0.00000000,0.00000000
2,20260607,3,test,lightly_finetuned_cnn,efficientnet_b0,temperature_scaled,0.3-0.4,29,0.37854088,0.37931034
2,20260607,3,test,lightly_finetuned_cnn,efficientnet_b0,temperature_scaled,0.4-0.5,81,0.44534132,0.39506173
2,20260607,3,test,lightly_finetuned_cnn,efficientnet_b0,temperature_scaled,0.5-0.6,45,0.54011869,0.40000000
2,20260607,3,test,lightly_finetuned_cnn,efficientnet_b0,temperature_scaled,0.6-0.7,32,0.63921733,0.56250000
2,20260607,3,test,lightly_finetuned_cnn,efficientnet_b0,temperature_scaled,0.7-0.8,8,0.75820192,0.50000000
2,20260607,3,test,lightly_finetuned_cnn,efficientnet_b0,temperature_scaled,0.8-0.9,2,0.80828302,1.00000000
2,20260607,3,test,lightly_finetuned_cnn,efficientnet_b0,temperature_scaled,0.9-1.0,0,0.00000000,0.00000000
2,20260607,3,val,lightly_finetuned_cnn,efficientnet_b0,raw,0.0-0.1,0,0.00000000,0.00000000
2,20260607,3,val,lightly_finetuned_cnn,efficientnet_b0,raw,0.1-0.2,0,0.00000000,0.00000000
2,20260607,3,val,lightly_finetuned_cnn,efficientnet_b0,raw,0.2-0.3,0,0.00000000,0.00000000
2,20260607,3,val,lightly_finetuned_cnn,efficientnet_b0,raw,0.3-0.4,23,0.37548690,0.30434783
2,20260607,3,val,lightly_finetuned_cnn,efficientnet_b0,raw,0.4-0.5,52,0.45682292,0.44230769
2,20260607,3,val,lightly_finetuned_cnn,efficientnet_b0,raw,0.5-0.6,55,0.55093714,0.47272727
2,20260607,3,val,lightly_finetuned_cnn,efficientnet_b0,raw,0.6-0.7,37,0.65249847,0.51351351
2,20260607,3,val,lightly_finetuned_cnn,efficientnet_b0,raw,0.7-0.8,17,0.74380517,0.64705882
2,20260607,3,val,lightly_finetuned_cnn,efficientnet_b0,raw,0.8-0.9,12,0.82313830,0.58333333
2,20260607,3,val,lightly_finetuned_cnn,efficientnet_b0,raw,0.9-1.0,1,0.91449292,0.00000000
2,20260607,3,val,lightly_finetuned_cnn,efficientnet_b0,temperature_scaled,0.0-0.1,0,0.00000000,0.00000000
2,20260607,3,val,lightly_finetuned_cnn,efficientnet_b0,temperature_scaled,0.1-0.2,0,0.00000000,0.00000000
2,20260607,3,val,lightly_finetuned_cnn,efficientnet_b0,temperature_scaled,0.2-0.3,0,0.00000000,0.00000000
2,20260607,3,val,lightly_finetuned_cnn,efficientnet_b0,temperature_scaled,0.3-0.4,33,0.37061415,0.36363636
2,20260607,3,val,lightly_finetuned_cnn,efficientnet_b0,temperature_scaled,0.4-0.5,72,0.44991673,0.44444444
2,20260607,3,val,lightly_finetuned_cnn,efficientnet_b0,temperature_scaled,0.5-0.6,55,0.54282314,0.47272727
2,20260607,3,val,lightly_finetuned_cnn,efficientnet_b0,temperature_scaled,0.6-0.7,26,0.63906798,0.69230769
2,20260607,3,val,lightly_finetuned_cnn,efficientnet_b0,temperature_scaled,0.7-0.8,10,0.72791714,0.50000000
2,20260607,3,val,lightly_finetuned_cnn,efficientnet_b0,temperature_scaled,0.8-0.9,1,0.82372098,0.00000000
2,20260607,3,val,lightly_finetuned_cnn,efficientnet_b0,temperature_scaled,0.9-1.0,0,0.00000000,0.00000000
2,20260607,4,test,lightly_finetuned_cnn,efficientnet_b0,raw,0.0-0.1,0,0.00000000,0.00000000
2,20260607,4,test,lightly_finetuned_cnn,efficientnet_b0,raw,0.1-0.2,0,0.00000000,0.00000000
2,20260607,4,test,lightly_finetuned_cnn,efficientnet_b0,raw,0.2-0.3,0,0.00000000,0.00000000
2,20260607,4,test,lightly_finetuned_cnn,efficientnet_b0,raw,0.3-0.4,34,0.37356193,0.41176471
2,20260607,4,test,lightly_finetuned_cnn,efficientnet_b0,raw,0.4-0.5,68,0.44951789,0.44117647
2,20260607,4,test,lightly_finetuned_cnn,efficientnet_b0,raw,0.5-0.6,58,0.54105311,0.51724138
2,20260607,4,test,lightly_finetuned_cnn,efficientnet_b0,raw,0.6-0.7,25,0.63873121,0.68000000
2,20260607,4,test,lightly_finetuned_cnn,efficientnet_b0,raw,0.7-0.8,10,0.75590010,0.50000000
2,20260607,4,test,lightly_finetuned_cnn,efficientnet_b0,raw,0.8-0.9,2,0.82175109,0.00000000
2,20260607,4,test,lightly_finetuned_cnn,efficientnet_b0,raw,0.9-1.0,0,0.00000000,0.00000000
2,20260607,4,test,lightly_finetuned_cnn,efficientnet_b0,temperature_scaled,0.0-0.1,0,0.00000000,0.00000000
2,20260607,4,test,lightly_finetuned_cnn,efficientnet_b0,temperature_scaled,0.1-0.2,0,0.00000000,0.00000000
2,20260607,4,test,lightly_finetuned_cnn,efficientnet_b0,temperature_scaled,0.2-0.3,0,0.00000000,0.00000000
2,20260607,4,test,lightly_finetuned_cnn,efficientnet_b0,temperature_scaled,0.3-0.4,30,0.37615476,0.40000000
2,20260607,4,test,lightly_finetuned_cnn,efficientnet_b0,temperature_scaled,0.4-0.5,57,0.45057700,0.45614035
2,20260607,4,test,lightly_finetuned_cnn,efficientnet_b0,temperature_scaled,0.5-0.6,60,0.54506526,0.50000000
2,20260607,4,test,lightly_finetuned_cnn,efficientnet_b0,temperature_scaled,0.6-0.7,31,0.64234087,0.54838710
2,20260607,4,test,lightly_finetuned_cnn,efficientnet_b0,temperature_scaled,0.7-0.8,12,0.74509048,0.83333333
2,20260607,4,test,lightly_finetuned_cnn,efficientnet_b0,temperature_scaled,0.8-0.9,7,0.84398576,0.14285714
2,20260607,4,test,lightly_finetuned_cnn,efficientnet_b0,temperature_scaled,0.9-1.0,0,0.00000000,0.00000000
2,20260607,4,val,lightly_finetuned_cnn,efficientnet_b0,raw,0.0-0.1,0,0.00000000,0.00000000
2,20260607,4,val,lightly_finetuned_cnn,efficientnet_b0,raw,0.1-0.2,0,0.00000000,0.00000000
2,20260607,4,val,lightly_finetuned_cnn,efficientnet_b0,raw,0.2-0.3,0,0.00000000,0.00000000
2,20260607,4,val,lightly_finetuned_cnn,efficientnet_b0,raw,0.3-0.4,22,0.37850488,0.40909091
2,20260607,4,val,lightly_finetuned_cnn,efficientnet_b0,raw,0.4-0.5,81,0.44818782,0.54320988
2,20260607,4,val,lightly_finetuned_cnn,efficientnet_b0,raw,0.5-0.6,62,0.53825291,0.48387097
2,20260607,4,val,lightly_finetuned_cnn,efficientnet_b0,raw,0.6-0.7,22,0.64361392,0.54545455
2,20260607,4,val,lightly_finetuned_cnn,efficientnet_b0,raw,0.7-0.8,10,0.74632358,0.70000000
2,20260607,4,val,lightly_finetuned_cnn,efficientnet_b0,raw,0.8-0.9,1,0.83201782,1.00000000
2,20260607,4,val,lightly_finetuned_cnn,efficientnet_b0,raw,0.9-1.0,0,0.00000000,0.00000000
2,20260607,4,val,lightly_finetuned_cnn,efficientnet_b0,temperature_scaled,0.0-0.1,0,0.00000000,0.00000000
2,20260607,4,val,lightly_finetuned_cnn,efficientnet_b0,temperature_scaled,0.1-0.2,0,0.00000000,0.00000000
2,20260607,4,val,lightly_finetuned_cnn,efficientnet_b0,temperature_scaled,0.2-0.3,0,0.00000000,0.00000000
2,20260607,4,val,lightly_finetuned_cnn,efficientnet_b0,temperature_scaled,0.3-0.4,14,0.37579709,0.42857143
2,20260607,4,val,lightly_finetuned_cnn,efficientnet_b0,temperature_scaled,0.4-0.5,76,0.45024002,0.53947368
2,20260607,4,val,lightly_finetuned_cnn,efficientnet_b0,temperature_scaled,0.5-0.6,65,0.54853221,0.47692308
2,20260607,4,val,lightly_finetuned_cnn,efficientnet_b0,temperature_scaled,0.6-0.7,24,0.64348340,0.50000000
2,20260607,4,val,lightly_finetuned_cnn,efficientnet_b0,temperature_scaled,0.7-0.8,15,0.75239194,0.66666667
2,20260607,4,val,lightly_finetuned_cnn,efficientnet_b0,temperature_scaled,0.8-0.9,4,0.83012270,0.75000000
2,20260607,4,val,lightly_finetuned_cnn,efficientnet_b0,temperature_scaled,0.9-1.0,0,0.00000000,0.00000000
3,20260608,0,test,lightly_finetuned_cnn,efficientnet_b0,raw,0.0-0.1,0,0.00000000,0.00000000
3,20260608,0,test,lightly_finetuned_cnn,efficientnet_b0,raw,0.1-0.2,0,0.00000000,0.00000000
3,20260608,0,test,lightly_finetuned_cnn,efficientnet_b0,raw,0.2-0.3,0,0.00000000,0.00000000
3,20260608,0,test,lightly_finetuned_cnn,efficientnet_b0,raw,0.3-0.4,15,0.37380700,0.26666667
3,20260608,0,test,lightly_finetuned_cnn,efficientnet_b0,raw,0.4-0.5,60,0.44751892,0.48333333
3,20260608,0,test,lightly_finetuned_cnn,efficientnet_b0,raw,0.5-0.6,45,0.54644475,0.55555556
3,20260608,0,test,lightly_finetuned_cnn,efficientnet_b0,raw,0.6-0.7,49,0.64770213,0.53061224
3,20260608,0,test,lightly_finetuned_cnn,efficientnet_b0,raw,0.7-0.8,14,0.74159945,0.42857143
3,20260608,0,test,lightly_finetuned_cnn,efficientnet_b0,raw,0.8-0.9,11,0.83788532,0.63636364
3,20260608,0,test,lightly_finetuned_cnn,efficientnet_b0,raw,0.9-1.0,4,0.92638849,1.00000000
3,20260608,0,test,lightly_finetuned_cnn,efficientnet_b0,temperature_scaled,0.0-0.1,0,0.00000000,0.00000000
3,20260608,0,test,lightly_finetuned_cnn,efficientnet_b0,temperature_scaled,0.1-0.2,0,0.00000000,0.00000000
3,20260608,0,test,lightly_finetuned_cnn,efficientnet_b0,temperature_scaled,0.2-0.3,0,0.00000000,0.00000000
3,20260608,0,test,lightly_finetuned_cnn,efficientnet_b0,temperature_scaled,0.3-0.4,49,0.37524012,0.44897959
3,20260608,0,test,lightly_finetuned_cnn,efficientnet_b0,temperature_scaled,0.4-0.5,83,0.44791735,0.55421687
3,20260608,0,test,lightly_finetuned_cnn,efficientnet_b0,temperature_scaled,0.5-0.6,50,0.53405319,0.44000000
3,20260608,0,test,lightly_finetuned_cnn,efficientnet_b0,temperature_scaled,0.6-0.7,11,0.63781719,0.54545455
3,20260608,0,test,lightly_finetuned_cnn,efficientnet_b0,temperature_scaled,0.7-0.8,5,0.74161677,1.00000000
3,20260608,0,test,lightly_finetuned_cnn,efficientnet_b0,temperature_scaled,0.8-0.9,0,0.00000000,0.00000000
3,20260608,0,test,lightly_finetuned_cnn,efficientnet_b0,temperature_scaled,0.9-1.0,0,0.00000000,0.00000000
3,20260608,0,val,lightly_finetuned_cnn,efficientnet_b0,raw,0.0-0.1,0,0.00000000,0.00000000
3,20260608,0,val,lightly_finetuned_cnn,efficientnet_b0,raw,0.1-0.2,0,0.00000000,0.00000000
3,20260608,0,val,lightly_finetuned_cnn,efficientnet_b0,raw,0.2-0.3,0,0.00000000,0.00000000
3,20260608,0,val,lightly_finetuned_cnn,efficientnet_b0,raw,0.3-0.4,14,0.36782467,0.28571429
3,20260608,0,val,lightly_finetuned_cnn,efficientnet_b0,raw,0.4-0.5,59,0.45955575,0.38983051
3,20260608,0,val,lightly_finetuned_cnn,efficientnet_b0,raw,0.5-0.6,53,0.54340225,0.54716981
3,20260608,0,val,lightly_finetuned_cnn,efficientnet_b0,raw,0.6-0.7,35,0.64386465,0.45714286
3,20260608,0,val,lightly_finetuned_cnn,efficientnet_b0,raw,0.7-0.8,25,0.75490915,0.48000000
3,20260608,0,val,lightly_finetuned_cnn,efficientnet_b0,raw,0.8-0.9,12,0.86138557,0.50000000
3,20260608,0,val,lightly_finetuned_cnn,efficientnet_b0,raw,0.9-1.0,0,0.00000000,0.00000000
3,20260608,0,val,lightly_finetuned_cnn,efficientnet_b0,temperature_scaled,0.0-0.1,0,0.00000000,0.00000000
3,20260608,0,val,lightly_finetuned_cnn,efficientnet_b0,temperature_scaled,0.1-0.2,0,0.00000000,0.00000000
3,20260608,0,val,lightly_finetuned_cnn,efficientnet_b0,temperature_scaled,0.2-0.3,0,0.00000000,0.00000000
3,20260608,0,val,lightly_finetuned_cnn,efficientnet_b0,temperature_scaled,0.3-0.4,38,0.37264836,0.50000000
3,20260608,0,val,lightly_finetuned_cnn,efficientnet_b0,temperature_scaled,0.4-0.5,99,0.44369490,0.44444444
3,20260608,0,val,lightly_finetuned_cnn,efficientnet_b0,temperature_scaled,0.5-0.6,46,0.54787804,0.41304348
3,20260608,0,val,lightly_finetuned_cnn,efficientnet_b0,temperature_scaled,0.6-0.7,12,0.64656899,0.50000000
3,20260608,0,val,lightly_finetuned_cnn,efficientnet_b0,temperature_scaled,0.7-0.8,3,0.70653038,0.66666667
3,20260608,0,val,lightly_finetuned_cnn,efficientnet_b0,temperature_scaled,0.8-0.9,0,0.00000000,0.00000000
3,20260608,0,val,lightly_finetuned_cnn,efficientnet_b0,temperature_scaled,0.9-1.0,0,0.00000000,0.00000000
3,20260608,1,test,lightly_finetuned_cnn,efficientnet_b0,raw,0.0-0.1,0,0.00000000,0.00000000
3,20260608,1,test,lightly_finetuned_cnn,efficientnet_b0,raw,0.1-0.2,0,0.00000000,0.00000000
3,20260608,1,test,lightly_finetuned_cnn,efficientnet_b0,raw,0.2-0.3,0,0.00000000,0.00000000
3,20260608,1,test,lightly_finetuned_cnn,efficientnet_b0,raw,0.3-0.4,14,0.38438712,0.35714286
3,20260608,1,test,lightly_finetuned_cnn,efficientnet_b0,raw,0.4-0.5,63,0.45126987,0.44444444
3,20260608,1,test,lightly_finetuned_cnn,efficientnet_b0,raw,0.5-0.6,53,0.54528662,0.41509434
3,20260608,1,test,lightly_finetuned_cnn,efficientnet_b0,raw,0.6-0.7,37,0.64441974,0.56756757
3,20260608,1,test,lightly_finetuned_cnn,efficientnet_b0,raw,0.7-0.8,17,0.73951793,0.58823529
3,20260608,1,test,lightly_finetuned_cnn,efficientnet_b0,raw,0.8-0.9,13,0.83680662,0.61538462
3,20260608,1,test,lightly_finetuned_cnn,efficientnet_b0,raw,0.9-1.0,1,0.92202995,0.00000000
3,20260608,1,test,lightly_finetuned_cnn,efficientnet_b0,temperature_scaled,0.0-0.1,0,0.00000000,0.00000000
3,20260608,1,test,lightly_finetuned_cnn,efficientnet_b0,temperature_scaled,0.1-0.2,0,0.00000000,0.00000000
3,20260608,1,test,lightly_finetuned_cnn,efficientnet_b0,temperature_scaled,0.2-0.3,0,0.00000000,0.00000000
3,20260608,1,test,lightly_finetuned_cnn,efficientnet_b0,temperature_scaled,0.3-0.4,20,0.38177692,0.40000000
3,20260608,1,test,lightly_finetuned_cnn,efficientnet_b0,temperature_scaled,0.4-0.5,73,0.44990616,0.42465753
3,20260608,1,test,lightly_finetuned_cnn,efficientnet_b0,temperature_scaled,0.5-0.6,57,0.54744707,0.47368421
3,20260608,1,test,lightly_finetuned_cnn,efficientnet_b0,temperature_scaled,0.6-0.7,27,0.64187630,0.62962963
3,20260608,1,test,lightly_finetuned_cnn,efficientnet_b0,temperature_scaled,0.7-0.8,17,0.75334835,0.52941176
3,20260608,1,test,lightly_finetuned_cnn,efficientnet_b0,temperature_scaled,0.8-0.9,4,0.83481989,0.50000000
3,20260608,1,test,lightly_finetuned_cnn,efficientnet_b0,temperature_scaled,0.9-1.0,0,0.00000000,0.00000000
3,20260608,1,val,lightly_finetuned_cnn,efficientnet_b0,raw,0.0-0.1,0,0.00000000,0.00000000
3,20260608,1,val,lightly_finetuned_cnn,efficientnet_b0,raw,0.1-0.2,0,0.00000000,0.00000000
3,20260608,1,val,lightly_finetuned_cnn,efficientnet_b0,raw,0.2-0.3,0,0.00000000,0.00000000
3,20260608,1,val,lightly_finetuned_cnn,efficientnet_b0,raw,0.3-0.4,15,0.36953471,0.46666667
3,20260608,1,val,lightly_finetuned_cnn,efficientnet_b0,raw,0.4-0.5,60,0.45546702,0.46666667
3,20260608,1,val,lightly_finetuned_cnn,efficientnet_b0,raw,0.5-0.6,56,0.54440090,0.48214286
3,20260608,1,val,lightly_finetuned_cnn,efficientnet_b0,raw,0.6-0.7,28,0.64625655,0.53571429
3,20260608,1,val,lightly_finetuned_cnn,efficientnet_b0,raw,0.7-0.8,21,0.74824206,0.66666667
3,20260608,1,val,lightly_finetuned_cnn,efficientnet_b0,raw,0.8-0.9,17,0.86023185,0.70588235
3,20260608,1,val,lightly_finetuned_cnn,efficientnet_b0,raw,0.9-1.0,1,0.92363352,1.00000000
3,20260608,1,val,lightly_finetuned_cnn,efficientnet_b0,temperature_scaled,0.0-0.1,0,0.00000000,0.00000000
3,20260608,1,val,lightly_finetuned_cnn,efficientnet_b0,temperature_scaled,0.1-0.2,0,0.00000000,0.00000000
3,20260608,1,val,lightly_finetuned_cnn,efficientnet_b0,temperature_scaled,0.2-0.3,0,0.00000000,0.00000000
3,20260608,1,val,lightly_finetuned_cnn,efficientnet_b0,temperature_scaled,0.3-0.4,17,0.36712528,0.52941176
3,20260608,1,val,lightly_finetuned_cnn,efficientnet_b0,temperature_scaled,0.4-0.5,76,0.45171549,0.50000000
3,20260608,1,val,lightly_finetuned_cnn,efficientnet_b0,temperature_scaled,0.5-0.6,51,0.54271182,0.43137255
3,20260608,1,val,lightly_finetuned_cnn,efficientnet_b0,temperature_scaled,0.6-0.7,26,0.64528417,0.65384615
3,20260608,1,val,lightly_finetuned_cnn,efficientnet_b0,temperature_scaled,0.7-0.8,15,0.74225643,0.66666667
3,20260608,1,val,lightly_finetuned_cnn,efficientnet_b0,temperature_scaled,0.8-0.9,13,0.83043570,0.61538462
3,20260608,1,val,lightly_finetuned_cnn,efficientnet_b0,temperature_scaled,0.9-1.0,0,0.00000000,0.00000000
3,20260608,2,test,lightly_finetuned_cnn,efficientnet_b0,raw,0.0-0.1,0,0.00000000,0.00000000
3,20260608,2,test,lightly_finetuned_cnn,efficientnet_b0,raw,0.1-0.2,0,0.00000000,0.00000000
3,20260608,2,test,lightly_finetuned_cnn,efficientnet_b0,raw,0.2-0.3,0,0.00000000,0.00000000
3,20260608,2,test,lightly_finetuned_cnn,efficientnet_b0,raw,0.3-0.4,10,0.37399624,0.40000000
3,20260608,2,test,lightly_finetuned_cnn,efficientnet_b0,raw,0.4-0.5,58,0.45282978,0.41379310
3,20260608,2,test,lightly_finetuned_cnn,efficientnet_b0,raw,0.5-0.6,71,0.54654074,0.59154930
3,20260608,2,test,lightly_finetuned_cnn,efficientnet_b0,raw,0.6-0.7,35,0.64558842,0.57142857
3,20260608,2,test,lightly_finetuned_cnn,efficientnet_b0,raw,0.7-0.8,13,0.75225575,0.69230769
3,20260608,2,test,lightly_finetuned_cnn,efficientnet_b0,raw,0.8-0.9,10,0.85164844,0.80000000
3,20260608,2,test,lightly_finetuned_cnn,efficientnet_b0,raw,0.9-1.0,1,0.91256634,1.00000000
3,20260608,2,test,lightly_finetuned_cnn,efficientnet_b0,temperature_scaled,0.0-0.1,0,0.00000000,0.00000000
3,20260608,2,test,lightly_finetuned_cnn,efficientnet_b0,temperature_scaled,0.1-0.2,0,0.00000000,0.00000000
3,20260608,2,test,lightly_finetuned_cnn,efficientnet_b0,temperature_scaled,0.2-0.3,0,0.00000000,0.00000000
3,20260608,2,test,lightly_finetuned_cnn,efficientnet_b0,temperature_scaled,0.3-0.4,17,0.37841017,0.35294118
3,20260608,2,test,lightly_finetuned_cnn,efficientnet_b0,temperature_scaled,0.4-0.5,73,0.45321009,0.49315068
3,20260608,2,test,lightly_finetuned_cnn,efficientnet_b0,temperature_scaled,0.5-0.6,68,0.54080269,0.57352941
3,20260608,2,test,lightly_finetuned_cnn,efficientnet_b0,temperature_scaled,0.6-0.7,22,0.63317001,0.63636364
3,20260608,2,test,lightly_finetuned_cnn,efficientnet_b0,temperature_scaled,0.7-0.8,11,0.73449988,0.72727273
3,20260608,2,test,lightly_finetuned_cnn,efficientnet_b0,temperature_scaled,0.8-0.9,7,0.82399588,0.71428571
3,20260608,2,test,lightly_finetuned_cnn,efficientnet_b0,temperature_scaled,0.9-1.0,0,0.00000000,0.00000000
3,20260608,2,val,lightly_finetuned_cnn,efficientnet_b0,raw,0.0-0.1,0,0.00000000,0.00000000
3,20260608,2,val,lightly_finetuned_cnn,efficientnet_b0,raw,0.1-0.2,0,0.00000000,0.00000000
3,20260608,2,val,lightly_finetuned_cnn,efficientnet_b0,raw,0.2-0.3,0,0.00000000,0.00000000
3,20260608,2,val,lightly_finetuned_cnn,efficientnet_b0,raw,0.3-0.4,18,0.38069463,0.55555556
3,20260608,2,val,lightly_finetuned_cnn,efficientnet_b0,raw,0.4-0.5,61,0.45614316,0.60655738
3,20260608,2,val,lightly_finetuned_cnn,efficientnet_b0,raw,0.5-0.6,49,0.54162309,0.48979592
3,20260608,2,val,lightly_finetuned_cnn,efficientnet_b0,raw,0.6-0.7,41,0.65248175,0.41463415
3,20260608,2,val,lightly_finetuned_cnn,efficientnet_b0,raw,0.7-0.8,21,0.73989463,0.52380952
3,20260608,2,val,lightly_finetuned_cnn,efficientnet_b0,raw,0.8-0.9,7,0.83153591,1.00000000
3,20260608,2,val,lightly_finetuned_cnn,efficientnet_b0,raw,0.9-1.0,0,0.00000000,0.00000000
3,20260608,2,val,lightly_finetuned_cnn,efficientnet_b0,temperature_scaled,0.0-0.1,0,0.00000000,0.00000000
3,20260608,2,val,lightly_finetuned_cnn,efficientnet_b0,temperature_scaled,0.1-0.2,0,0.00000000,0.00000000
3,20260608,2,val,lightly_finetuned_cnn,efficientnet_b0,temperature_scaled,0.2-0.3,0,0.00000000,0.00000000
3,20260608,2,val,lightly_finetuned_cnn,efficientnet_b0,temperature_scaled,0.3-0.4,23,0.37734206,0.47826087
3,20260608,2,val,lightly_finetuned_cnn,efficientnet_b0,temperature_scaled,0.4-0.5,74,0.45213912,0.59459459
3,20260608,2,val,lightly_finetuned_cnn,efficientnet_b0,temperature_scaled,0.5-0.6,52,0.54681166,0.48076923
3,20260608,2,val,lightly_finetuned_cnn,efficientnet_b0,temperature_scaled,0.6-0.7,36,0.64637834,0.41666667
3,20260608,2,val,lightly_finetuned_cnn,efficientnet_b0,temperature_scaled,0.7-0.8,11,0.74610866,0.90909091
3,20260608,2,val,lightly_finetuned_cnn,efficientnet_b0,temperature_scaled,0.8-0.9,1,0.81749686,1.00000000
3,20260608,2,val,lightly_finetuned_cnn,efficientnet_b0,temperature_scaled,0.9-1.0,0,0.00000000,0.00000000
3,20260608,3,test,lightly_finetuned_cnn,efficientnet_b0,raw,0.0-0.1,0,0.00000000,0.00000000
3,20260608,3,test,lightly_finetuned_cnn,efficientnet_b0,raw,0.1-0.2,0,0.00000000,0.00000000
3,20260608,3,test,lightly_finetuned_cnn,efficientnet_b0,raw,0.2-0.3,0,0.00000000,0.00000000
3,20260608,3,test,lightly_finetuned_cnn,efficientnet_b0,raw,0.3-0.4,20,0.37941409,0.45000000
3,20260608,3,test,lightly_finetuned_cnn,efficientnet_b0,raw,0.4-0.5,59,0.45185755,0.38983051
3,20260608,3,test,lightly_finetuned_cnn,efficientnet_b0,raw,0.5-0.6,53,0.54747315,0.45283019
3,20260608,3,test,lightly_finetuned_cnn,efficientnet_b0,raw,0.6-0.7,41,0.64837601,0.53658537
3,20260608,3,test,lightly_finetuned_cnn,efficientnet_b0,raw,0.7-0.8,17,0.74207356,0.58823529
3,20260608,3,test,lightly_finetuned_cnn,efficientnet_b0,raw,0.8-0.9,7,0.82724884,0.71428571
3,20260608,3,test,lightly_finetuned_cnn,efficientnet_b0,raw,0.9-1.0,0,0.00000000,0.00000000
3,20260608,3,test,lightly_finetuned_cnn,efficientnet_b0,temperature_scaled,0.0-0.1,0,0.00000000,0.00000000
3,20260608,3,test,lightly_finetuned_cnn,efficientnet_b0,temperature_scaled,0.1-0.2,0,0.00000000,0.00000000
3,20260608,3,test,lightly_finetuned_cnn,efficientnet_b0,temperature_scaled,0.2-0.3,0,0.00000000,0.00000000
3,20260608,3,test,lightly_finetuned_cnn,efficientnet_b0,temperature_scaled,0.3-0.4,29,0.37674625,0.41379310
3,20260608,3,test,lightly_finetuned_cnn,efficientnet_b0,temperature_scaled,0.4-0.5,70,0.44901855,0.40000000
3,20260608,3,test,lightly_finetuned_cnn,efficientnet_b0,temperature_scaled,0.5-0.6,61,0.54692618,0.49180328
3,20260608,3,test,lightly_finetuned_cnn,efficientnet_b0,temperature_scaled,0.6-0.7,28,0.64364624,0.60714286
3,20260608,3,test,lightly_finetuned_cnn,efficientnet_b0,temperature_scaled,0.7-0.8,9,0.74628980,0.66666667
3,20260608,3,test,lightly_finetuned_cnn,efficientnet_b0,temperature_scaled,0.8-0.9,0,0.00000000,0.00000000
3,20260608,3,test,lightly_finetuned_cnn,efficientnet_b0,temperature_scaled,0.9-1.0,0,0.00000000,0.00000000
3,20260608,3,val,lightly_finetuned_cnn,efficientnet_b0,raw,0.0-0.1,0,0.00000000,0.00000000
3,20260608,3,val,lightly_finetuned_cnn,efficientnet_b0,raw,0.1-0.2,0,0.00000000,0.00000000
3,20260608,3,val,lightly_finetuned_cnn,efficientnet_b0,raw,0.2-0.3,0,0.00000000,0.00000000
3,20260608,3,val,lightly_finetuned_cnn,efficientnet_b0,raw,0.3-0.4,17,0.38148028,0.47058824
3,20260608,3,val,lightly_finetuned_cnn,efficientnet_b0,raw,0.4-0.5,70,0.44929045,0.47142857
3,20260608,3,val,lightly_finetuned_cnn,efficientnet_b0,raw,0.5-0.6,53,0.55161532,0.43396226
3,20260608,3,val,lightly_finetuned_cnn,efficientnet_b0,raw,0.6-0.7,31,0.64255397,0.51612903
3,20260608,3,val,lightly_finetuned_cnn,efficientnet_b0,raw,0.7-0.8,17,0.75555578,0.64705882
3,20260608,3,val,lightly_finetuned_cnn,efficientnet_b0,raw,0.8-0.9,8,0.83970349,0.62500000
3,20260608,3,val,lightly_finetuned_cnn,efficientnet_b0,raw,0.9-1.0,1,0.92742219,1.00000000
3,20260608,3,val,lightly_finetuned_cnn,efficientnet_b0,temperature_scaled,0.0-0.1,0,0.00000000,0.00000000
3,20260608,3,val,lightly_finetuned_cnn,efficientnet_b0,temperature_scaled,0.1-0.2,0,0.00000000,0.00000000
3,20260608,3,val,lightly_finetuned_cnn,efficientnet_b0,temperature_scaled,0.2-0.3,0,0.00000000,0.00000000
3,20260608,3,val,lightly_finetuned_cnn,efficientnet_b0,temperature_scaled,0.3-0.4,32,0.38294820,0.43750000
3,20260608,3,val,lightly_finetuned_cnn,efficientnet_b0,temperature_scaled,0.4-0.5,77,0.44822691,0.46753247
3,20260608,3,val,lightly_finetuned_cnn,efficientnet_b0,temperature_scaled,0.5-0.6,51,0.54555952,0.45098039
3,20260608,3,val,lightly_finetuned_cnn,efficientnet_b0,temperature_scaled,0.6-0.7,22,0.64055894,0.59090909
3,20260608,3,val,lightly_finetuned_cnn,efficientnet_b0,temperature_scaled,0.7-0.8,12,0.73056712,0.66666667
3,20260608,3,val,lightly_finetuned_cnn,efficientnet_b0,temperature_scaled,0.8-0.9,3,0.83634942,1.00000000
3,20260608,3,val,lightly_finetuned_cnn,efficientnet_b0,temperature_scaled,0.9-1.0,0,0.00000000,0.00000000
3,20260608,4,test,lightly_finetuned_cnn,efficientnet_b0,raw,0.0-0.1,0,0.00000000,0.00000000
3,20260608,4,test,lightly_finetuned_cnn,efficientnet_b0,raw,0.1-0.2,0,0.00000000,0.00000000
3,20260608,4,test,lightly_finetuned_cnn,efficientnet_b0,raw,0.2-0.3,0,0.00000000,0.00000000
3,20260608,4,test,lightly_finetuned_cnn,efficientnet_b0,raw,0.3-0.4,10,0.37509717,0.40000000
3,20260608,4,test,lightly_finetuned_cnn,efficientnet_b0,raw,0.4-0.5,72,0.46025363,0.45833333
3,20260608,4,test,lightly_finetuned_cnn,efficientnet_b0,raw,0.5-0.6,55,0.54460662,0.47272727
3,20260608,4,test,lightly_finetuned_cnn,efficientnet_b0,raw,0.6-0.7,27,0.64807267,0.55555556
3,20260608,4,test,lightly_finetuned_cnn,efficientnet_b0,raw,0.7-0.8,24,0.73887143,0.54166667
3,20260608,4,test,lightly_finetuned_cnn,efficientnet_b0,raw,0.8-0.9,9,0.84222026,0.66666667
3,20260608,4,test,lightly_finetuned_cnn,efficientnet_b0,raw,0.9-1.0,0,0.00000000,0.00000000
3,20260608,4,test,lightly_finetuned_cnn,efficientnet_b0,temperature_scaled,0.0-0.1,0,0.00000000,0.00000000
3,20260608,4,test,lightly_finetuned_cnn,efficientnet_b0,temperature_scaled,0.1-0.2,0,0.00000000,0.00000000
3,20260608,4,test,lightly_finetuned_cnn,efficientnet_b0,temperature_scaled,0.2-0.3,0,0.00000000,0.00000000
3,20260608,4,test,lightly_finetuned_cnn,efficientnet_b0,temperature_scaled,0.3-0.4,12,0.37664950,0.33333333
3,20260608,4,test,lightly_finetuned_cnn,efficientnet_b0,temperature_scaled,0.4-0.5,77,0.45821777,0.46753247
3,20260608,4,test,lightly_finetuned_cnn,efficientnet_b0,temperature_scaled,0.5-0.6,53,0.54421716,0.49056604
3,20260608,4,test,lightly_finetuned_cnn,efficientnet_b0,temperature_scaled,0.6-0.7,28,0.65074725,0.57142857
3,20260608,4,test,lightly_finetuned_cnn,efficientnet_b0,temperature_scaled,0.7-0.8,21,0.73720950,0.52380952
3,20260608,4,test,lightly_finetuned_cnn,efficientnet_b0,temperature_scaled,0.8-0.9,6,0.84231769,0.66666667
3,20260608,4,test,lightly_finetuned_cnn,efficientnet_b0,temperature_scaled,0.9-1.0,0,0.00000000,0.00000000
3,20260608,4,val,lightly_finetuned_cnn,efficientnet_b0,raw,0.0-0.1,0,0.00000000,0.00000000
3,20260608,4,val,lightly_finetuned_cnn,efficientnet_b0,raw,0.1-0.2,0,0.00000000,0.00000000
3,20260608,4,val,lightly_finetuned_cnn,efficientnet_b0,raw,0.2-0.3,0,0.00000000,0.00000000
3,20260608,4,val,lightly_finetuned_cnn,efficientnet_b0,raw,0.3-0.4,13,0.37667323,0.07692308
3,20260608,4,val,lightly_finetuned_cnn,efficientnet_b0,raw,0.4-0.5,67,0.45328865,0.56716418
3,20260608,4,val,lightly_finetuned_cnn,efficientnet_b0,raw,0.5-0.6,57,0.54933375,0.52631579
3,20260608,4,val,lightly_finetuned_cnn,efficientnet_b0,raw,0.6-0.7,36,0.64017818,0.58333333
3,20260608,4,val,lightly_finetuned_cnn,efficientnet_b0,raw,0.7-0.8,15,0.73839821,0.60000000
3,20260608,4,val,lightly_finetuned_cnn,efficientnet_b0,raw,0.8-0.9,10,0.83918961,0.60000000
3,20260608,4,val,lightly_finetuned_cnn,efficientnet_b0,raw,0.9-1.0,0,0.00000000,0.00000000
3,20260608,4,val,lightly_finetuned_cnn,efficientnet_b0,temperature_scaled,0.0-0.1,0,0.00000000,0.00000000
3,20260608,4,val,lightly_finetuned_cnn,efficientnet_b0,temperature_scaled,0.1-0.2,0,0.00000000,0.00000000
3,20260608,4,val,lightly_finetuned_cnn,efficientnet_b0,temperature_scaled,0.2-0.3,0,0.00000000,0.00000000
3,20260608,4,val,lightly_finetuned_cnn,efficientnet_b0,temperature_scaled,0.3-0.4,15,0.37706470,0.13333333
3,20260608,4,val,lightly_finetuned_cnn,efficientnet_b0,temperature_scaled,0.4-0.5,73,0.45318149,0.57534247
3,20260608,4,val,lightly_finetuned_cnn,efficientnet_b0,temperature_scaled,0.5-0.6,58,0.55182407,0.56896552
3,20260608,4,val,lightly_finetuned_cnn,efficientnet_b0,temperature_scaled,0.6-0.7,30,0.63997027,0.46666667
3,20260608,4,val,lightly_finetuned_cnn,efficientnet_b0,temperature_scaled,0.7-0.8,13,0.73145601,0.61538462
3,20260608,4,val,lightly_finetuned_cnn,efficientnet_b0,temperature_scaled,0.8-0.9,9,0.82499149,0.66666667
3,20260608,4,val,lightly_finetuned_cnn,efficientnet_b0,temperature_scaled,0.9-1.0,0,0.00000000,0.00000000
