repeat,seed,fold,eval_split,model,encoder,probability_mode,bin,n,confidence_mean,accuracy
1,20260606,0,test,frozen_encoder_logistic,resnet50,raw,0.0-0.1,0,0.00000000,0.00000000
1,20260606,0,test,frozen_encoder_logistic,resnet50,raw,0.1-0.2,0,0.00000000,0.00000000
1,20260606,0,test,frozen_encoder_logistic,resnet50,raw,0.2-0.3,0,0.00000000,0.00000000
1,20260606,0,test,frozen_encoder_logistic,resnet50,raw,0.3-0.4,2,0.39363920,1.00000000
1,20260606,0,test,frozen_encoder_logistic,resnet50,raw,0.4-0.5,25,0.45295742,0.48000000
1,20260606,0,test,frozen_encoder_logistic,resnet50,raw,0.5-0.6,24,0.55919398,0.25000000
1,20260606,0,test,frozen_encoder_logistic,resnet50,raw,0.6-0.7,39,0.64623221,0.53846154
1,20260606,0,test,frozen_encoder_logistic,resnet50,raw,0.7-0.8,37,0.73318634,0.62162162
1,20260606,0,test,frozen_encoder_logistic,resnet50,raw,0.8-0.9,43,0.85100943,0.58139535
1,20260606,0,test,frozen_encoder_logistic,resnet50,raw,0.9-1.0,28,0.95739830,0.75000000
1,20260606,0,test,frozen_encoder_logistic,resnet50,temperature_scaled,0.0-0.1,0,0.00000000,0.00000000
1,20260606,0,test,frozen_encoder_logistic,resnet50,temperature_scaled,0.1-0.2,0,0.00000000,0.00000000
1,20260606,0,test,frozen_encoder_logistic,resnet50,temperature_scaled,0.2-0.3,0,0.00000000,0.00000000
1,20260606,0,test,frozen_encoder_logistic,resnet50,temperature_scaled,0.3-0.4,22,0.38047585,0.45454545
1,20260606,0,test,frozen_encoder_logistic,resnet50,temperature_scaled,0.4-0.5,62,0.46188421,0.46774194
1,20260606,0,test,frozen_encoder_logistic,resnet50,temperature_scaled,0.5-0.6,60,0.54241583,0.58333333
1,20260606,0,test,frozen_encoder_logistic,resnet50,temperature_scaled,0.6-0.7,33,0.63449277,0.57575758
1,20260606,0,test,frozen_encoder_logistic,resnet50,temperature_scaled,0.7-0.8,13,0.75186870,0.69230769
1,20260606,0,test,frozen_encoder_logistic,resnet50,temperature_scaled,0.8-0.9,7,0.85290684,1.00000000
1,20260606,0,test,frozen_encoder_logistic,resnet50,temperature_scaled,0.9-1.0,1,0.90281955,1.00000000
1,20260606,0,val,frozen_encoder_logistic,resnet50,raw,0.0-0.1,0,0.00000000,0.00000000
1,20260606,0,val,frozen_encoder_logistic,resnet50,raw,0.1-0.2,0,0.00000000,0.00000000
1,20260606,0,val,frozen_encoder_logistic,resnet50,raw,0.2-0.3,0,0.00000000,0.00000000
1,20260606,0,val,frozen_encoder_logistic,resnet50,raw,0.3-0.4,2,0.37658982,0.00000000
1,20260606,0,val,frozen_encoder_logistic,resnet50,raw,0.4-0.5,21,0.46080839,0.38095238
1,20260606,0,val,frozen_encoder_logistic,resnet50,raw,0.5-0.6,44,0.54939560,0.50000000
1,20260606,0,val,frozen_encoder_logistic,resnet50,raw,0.6-0.7,39,0.64472614,0.58974359
1,20260606,0,val,frozen_encoder_logistic,resnet50,raw,0.7-0.8,40,0.74389745,0.52500000
1,20260606,0,val,frozen_encoder_logistic,resnet50,raw,0.8-0.9,32,0.84772073,0.46875000
1,20260606,0,val,frozen_encoder_logistic,resnet50,raw,0.9-1.0,20,0.95596044,0.70000000
1,20260606,0,val,frozen_encoder_logistic,resnet50,temperature_scaled,0.0-0.1,0,0.00000000,0.00000000
1,20260606,0,val,frozen_encoder_logistic,resnet50,temperature_scaled,0.1-0.2,0,0.00000000,0.00000000
1,20260606,0,val,frozen_encoder_logistic,resnet50,temperature_scaled,0.2-0.3,0,0.00000000,0.00000000
1,20260606,0,val,frozen_encoder_logistic,resnet50,temperature_scaled,0.3-0.4,18,0.38199865,0.33333333
1,20260606,0,val,frozen_encoder_logistic,resnet50,temperature_scaled,0.4-0.5,77,0.45206477,0.51948052
1,20260606,0,val,frozen_encoder_logistic,resnet50,temperature_scaled,0.5-0.6,65,0.54462684,0.50769231
1,20260606,0,val,frozen_encoder_logistic,resnet50,temperature_scaled,0.6-0.7,26,0.64125316,0.65384615
1,20260606,0,val,frozen_encoder_logistic,resnet50,temperature_scaled,0.7-0.8,8,0.74504676,0.62500000
1,20260606,0,val,frozen_encoder_logistic,resnet50,temperature_scaled,0.8-0.9,3,0.85757487,0.66666667
1,20260606,0,val,frozen_encoder_logistic,resnet50,temperature_scaled,0.9-1.0,1,0.91761893,0.00000000
1,20260606,1,test,frozen_encoder_logistic,resnet50,raw,0.0-0.1,0,0.00000000,0.00000000
1,20260606,1,test,frozen_encoder_logistic,resnet50,raw,0.1-0.2,0,0.00000000,0.00000000
1,20260606,1,test,frozen_encoder_logistic,resnet50,raw,0.2-0.3,0,0.00000000,0.00000000
1,20260606,1,test,frozen_encoder_logistic,resnet50,raw,0.3-0.4,4,0.38988203,0.50000000
1,20260606,1,test,frozen_encoder_logistic,resnet50,raw,0.4-0.5,28,0.46350747,0.32142857
1,20260606,1,test,frozen_encoder_logistic,resnet50,raw,0.5-0.6,34,0.54192373,0.47058824
1,20260606,1,test,frozen_encoder_logistic,resnet50,raw,0.6-0.7,39,0.65097784,0.64102564
1,20260606,1,test,frozen_encoder_logistic,resnet50,raw,0.7-0.8,34,0.74710718,0.47058824
1,20260606,1,test,frozen_encoder_logistic,resnet50,raw,0.8-0.9,27,0.84235620,0.44444444
1,20260606,1,test,frozen_encoder_logistic,resnet50,raw,0.9-1.0,32,0.94628911,0.62500000
1,20260606,1,test,frozen_encoder_logistic,resnet50,temperature_scaled,0.0-0.1,0,0.00000000,0.00000000
1,20260606,1,test,frozen_encoder_logistic,resnet50,temperature_scaled,0.1-0.2,0,0.00000000,0.00000000
1,20260606,1,test,frozen_encoder_logistic,resnet50,temperature_scaled,0.2-0.3,0,0.00000000,0.00000000
1,20260606,1,test,frozen_encoder_logistic,resnet50,temperature_scaled,0.3-0.4,13,0.37390916,0.30769231
1,20260606,1,test,frozen_encoder_logistic,resnet50,temperature_scaled,0.4-0.5,63,0.44858427,0.49206349
1,20260606,1,test,frozen_encoder_logistic,resnet50,temperature_scaled,0.5-0.6,67,0.54499855,0.50746269
1,20260606,1,test,frozen_encoder_logistic,resnet50,temperature_scaled,0.6-0.7,27,0.64540879,0.51851852
1,20260606,1,test,frozen_encoder_logistic,resnet50,temperature_scaled,0.7-0.8,20,0.73816183,0.65000000
1,20260606,1,test,frozen_encoder_logistic,resnet50,temperature_scaled,0.8-0.9,4,0.84829594,0.25000000
1,20260606,1,test,frozen_encoder_logistic,resnet50,temperature_scaled,0.9-1.0,4,0.93902712,0.75000000
1,20260606,1,val,frozen_encoder_logistic,resnet50,raw,0.0-0.1,0,0.00000000,0.00000000
1,20260606,1,val,frozen_encoder_logistic,resnet50,raw,0.1-0.2,0,0.00000000,0.00000000
1,20260606,1,val,frozen_encoder_logistic,resnet50,raw,0.2-0.3,0,0.00000000,0.00000000
1,20260606,1,val,frozen_encoder_logistic,resnet50,raw,0.3-0.4,7,0.37014056,0.14285714
1,20260606,1,val,frozen_encoder_logistic,resnet50,raw,0.4-0.5,29,0.46262561,0.44827586
1,20260606,1,val,frozen_encoder_logistic,resnet50,raw,0.5-0.6,46,0.55381624,0.43478261
1,20260606,1,val,frozen_encoder_logistic,resnet50,raw,0.6-0.7,34,0.65467622,0.52941176
1,20260606,1,val,frozen_encoder_logistic,resnet50,raw,0.7-0.8,31,0.75699704,0.58064516
1,20260606,1,val,frozen_encoder_logistic,resnet50,raw,0.8-0.9,38,0.84459888,0.57894737
1,20260606,1,val,frozen_encoder_logistic,resnet50,raw,0.9-1.0,13,0.93813443,0.61538462
1,20260606,1,val,frozen_encoder_logistic,resnet50,temperature_scaled,0.0-0.1,0,0.00000000,0.00000000
1,20260606,1,val,frozen_encoder_logistic,resnet50,temperature_scaled,0.1-0.2,0,0.00000000,0.00000000
1,20260606,1,val,frozen_encoder_logistic,resnet50,temperature_scaled,0.2-0.3,0,0.00000000,0.00000000
1,20260606,1,val,frozen_encoder_logistic,resnet50,temperature_scaled,0.3-0.4,21,0.37378131,0.38095238
1,20260606,1,val,frozen_encoder_logistic,resnet50,temperature_scaled,0.4-0.5,71,0.45301269,0.40845070
1,20260606,1,val,frozen_encoder_logistic,resnet50,temperature_scaled,0.5-0.6,58,0.54434918,0.60344828
1,20260606,1,val,frozen_encoder_logistic,resnet50,temperature_scaled,0.6-0.7,37,0.64255633,0.59459459
1,20260606,1,val,frozen_encoder_logistic,resnet50,temperature_scaled,0.7-0.8,9,0.73926812,0.55555556
1,20260606,1,val,frozen_encoder_logistic,resnet50,temperature_scaled,0.8-0.9,2,0.83013270,0.50000000
1,20260606,1,val,frozen_encoder_logistic,resnet50,temperature_scaled,0.9-1.0,0,0.00000000,0.00000000
1,20260606,2,test,frozen_encoder_logistic,resnet50,raw,0.0-0.1,0,0.00000000,0.00000000
1,20260606,2,test,frozen_encoder_logistic,resnet50,raw,0.1-0.2,0,0.00000000,0.00000000
1,20260606,2,test,frozen_encoder_logistic,resnet50,raw,0.2-0.3,0,0.00000000,0.00000000
1,20260606,2,test,frozen_encoder_logistic,resnet50,raw,0.3-0.4,2,0.35808044,0.00000000
1,20260606,2,test,frozen_encoder_logistic,resnet50,raw,0.4-0.5,25,0.46414515,0.44000000
1,20260606,2,test,frozen_encoder_logistic,resnet50,raw,0.5-0.6,41,0.53838377,0.53658537
1,20260606,2,test,frozen_encoder_logistic,resnet50,raw,0.6-0.7,40,0.65092255,0.50000000
1,20260606,2,test,frozen_encoder_logistic,resnet50,raw,0.7-0.8,35,0.74863664,0.60000000
1,20260606,2,test,frozen_encoder_logistic,resnet50,raw,0.8-0.9,29,0.84526975,0.51724138
1,20260606,2,test,frozen_encoder_logistic,resnet50,raw,0.9-1.0,26,0.94120479,0.57692308
1,20260606,2,test,frozen_encoder_logistic,resnet50,temperature_scaled,0.0-0.1,0,0.00000000,0.00000000
1,20260606,2,test,frozen_encoder_logistic,resnet50,temperature_scaled,0.1-0.2,0,0.00000000,0.00000000
1,20260606,2,test,frozen_encoder_logistic,resnet50,temperature_scaled,0.2-0.3,0,0.00000000,0.00000000
1,20260606,2,test,frozen_encoder_logistic,resnet50,temperature_scaled,0.3-0.4,12,0.37594493,0.16666667
1,20260606,2,test,frozen_encoder_logistic,resnet50,temperature_scaled,0.4-0.5,78,0.44835106,0.52564103
1,20260606,2,test,frozen_encoder_logistic,resnet50,temperature_scaled,0.5-0.6,62,0.54518213,0.56451613
1,20260606,2,test,frozen_encoder_logistic,resnet50,temperature_scaled,0.6-0.7,29,0.64924070,0.58620690
1,20260606,2,test,frozen_encoder_logistic,resnet50,temperature_scaled,0.7-0.8,12,0.74776449,0.41666667
1,20260606,2,test,frozen_encoder_logistic,resnet50,temperature_scaled,0.8-0.9,5,0.82878427,0.80000000
1,20260606,2,test,frozen_encoder_logistic,resnet50,temperature_scaled,0.9-1.0,0,0.00000000,0.00000000
1,20260606,2,val,frozen_encoder_logistic,resnet50,raw,0.0-0.1,0,0.00000000,0.00000000
1,20260606,2,val,frozen_encoder_logistic,resnet50,raw,0.1-0.2,0,0.00000000,0.00000000
1,20260606,2,val,frozen_encoder_logistic,resnet50,raw,0.2-0.3,0,0.00000000,0.00000000
1,20260606,2,val,frozen_encoder_logistic,resnet50,raw,0.3-0.4,2,0.38185112,0.50000000
1,20260606,2,val,frozen_encoder_logistic,resnet50,raw,0.4-0.5,25,0.45145257,0.56000000
1,20260606,2,val,frozen_encoder_logistic,resnet50,raw,0.5-0.6,31,0.55813177,0.38709677
1,20260606,2,val,frozen_encoder_logistic,resnet50,raw,0.6-0.7,38,0.65590901,0.44736842
1,20260606,2,val,frozen_encoder_logistic,resnet50,raw,0.7-0.8,38,0.75043717,0.60526316
1,20260606,2,val,frozen_encoder_logistic,resnet50,raw,0.8-0.9,40,0.85065456,0.55000000
1,20260606,2,val,frozen_encoder_logistic,resnet50,raw,0.9-1.0,23,0.94026897,0.78260870
1,20260606,2,val,frozen_encoder_logistic,resnet50,temperature_scaled,0.0-0.1,0,0.00000000,0.00000000
1,20260606,2,val,frozen_encoder_logistic,resnet50,temperature_scaled,0.1-0.2,0,0.00000000,0.00000000
1,20260606,2,val,frozen_encoder_logistic,resnet50,temperature_scaled,0.2-0.3,0,0.00000000,0.00000000
1,20260606,2,val,frozen_encoder_logistic,resnet50,temperature_scaled,0.3-0.4,20,0.38054279,0.55000000
1,20260606,2,val,frozen_encoder_logistic,resnet50,temperature_scaled,0.4-0.5,55,0.45790139,0.45454545
1,20260606,2,val,frozen_encoder_logistic,resnet50,temperature_scaled,0.5-0.6,67,0.54643456,0.53731343
1,20260606,2,val,frozen_encoder_logistic,resnet50,temperature_scaled,0.6-0.7,38,0.64248776,0.57894737
1,20260606,2,val,frozen_encoder_logistic,resnet50,temperature_scaled,0.7-0.8,13,0.74213838,0.76923077
1,20260606,2,val,frozen_encoder_logistic,resnet50,temperature_scaled,0.8-0.9,4,0.83841699,0.75000000
1,20260606,2,val,frozen_encoder_logistic,resnet50,temperature_scaled,0.9-1.0,0,0.00000000,0.00000000
1,20260606,3,test,frozen_encoder_logistic,resnet50,raw,0.0-0.1,0,0.00000000,0.00000000
1,20260606,3,test,frozen_encoder_logistic,resnet50,raw,0.1-0.2,0,0.00000000,0.00000000
1,20260606,3,test,frozen_encoder_logistic,resnet50,raw,0.2-0.3,0,0.00000000,0.00000000
1,20260606,3,test,frozen_encoder_logistic,resnet50,raw,0.3-0.4,5,0.37439320,0.40000000
1,20260606,3,test,frozen_encoder_logistic,resnet50,raw,0.4-0.5,24,0.45897735,0.45833333
1,20260606,3,test,frozen_encoder_logistic,resnet50,raw,0.5-0.6,41,0.55006395,0.46341463
1,20260606,3,test,frozen_encoder_logistic,resnet50,raw,0.6-0.7,40,0.65203699,0.62500000
1,20260606,3,test,frozen_encoder_logistic,resnet50,raw,0.7-0.8,32,0.73798323,0.62500000
1,20260606,3,test,frozen_encoder_logistic,resnet50,raw,0.8-0.9,27,0.85611854,0.70370370
1,20260606,3,test,frozen_encoder_logistic,resnet50,raw,0.9-1.0,28,0.94011597,0.64285714
1,20260606,3,test,frozen_encoder_logistic,resnet50,temperature_scaled,0.0-0.1,0,0.00000000,0.00000000
1,20260606,3,test,frozen_encoder_logistic,resnet50,temperature_scaled,0.1-0.2,0,0.00000000,0.00000000
1,20260606,3,test,frozen_encoder_logistic,resnet50,temperature_scaled,0.2-0.3,0,0.00000000,0.00000000
1,20260606,3,test,frozen_encoder_logistic,resnet50,temperature_scaled,0.3-0.4,21,0.37758045,0.38095238
1,20260606,3,test,frozen_encoder_logistic,resnet50,temperature_scaled,0.4-0.5,67,0.45368984,0.52238806
1,20260606,3,test,frozen_encoder_logistic,resnet50,temperature_scaled,0.5-0.6,60,0.53780919,0.63333333
1,20260606,3,test,frozen_encoder_logistic,resnet50,temperature_scaled,0.6-0.7,34,0.64847388,0.67647059
1,20260606,3,test,frozen_encoder_logistic,resnet50,temperature_scaled,0.7-0.8,13,0.74250233,0.76923077
1,20260606,3,test,frozen_encoder_logistic,resnet50,temperature_scaled,0.8-0.9,1,0.82845720,0.00000000
1,20260606,3,test,frozen_encoder_logistic,resnet50,temperature_scaled,0.9-1.0,1,0.91115243,0.00000000
1,20260606,3,val,frozen_encoder_logistic,resnet50,raw,0.0-0.1,0,0.00000000,0.00000000
1,20260606,3,val,frozen_encoder_logistic,resnet50,raw,0.1-0.2,0,0.00000000,0.00000000
1,20260606,3,val,frozen_encoder_logistic,resnet50,raw,0.2-0.3,0,0.00000000,0.00000000
1,20260606,3,val,frozen_encoder_logistic,resnet50,raw,0.3-0.4,3,0.38380605,0.33333333
1,20260606,3,val,frozen_encoder_logistic,resnet50,raw,0.4-0.5,25,0.45915060,0.56000000
1,20260606,3,val,frozen_encoder_logistic,resnet50,raw,0.5-0.6,40,0.54927827,0.57500000
1,20260606,3,val,frozen_encoder_logistic,resnet50,raw,0.6-0.7,43,0.64619127,0.51162791
1,20260606,3,val,frozen_encoder_logistic,resnet50,raw,0.7-0.8,38,0.75453141,0.63157895
1,20260606,3,val,frozen_encoder_logistic,resnet50,raw,0.8-0.9,25,0.85449416,0.60000000
1,20260606,3,val,frozen_encoder_logistic,resnet50,raw,0.9-1.0,23,0.95014568,0.60869565
1,20260606,3,val,frozen_encoder_logistic,resnet50,temperature_scaled,0.0-0.1,0,0.00000000,0.00000000
1,20260606,3,val,frozen_encoder_logistic,resnet50,temperature_scaled,0.1-0.2,0,0.00000000,0.00000000
1,20260606,3,val,frozen_encoder_logistic,resnet50,temperature_scaled,0.2-0.3,0,0.00000000,0.00000000
1,20260606,3,val,frozen_encoder_logistic,resnet50,temperature_scaled,0.3-0.4,17,0.37686454,0.52941176
1,20260606,3,val,frozen_encoder_logistic,resnet50,temperature_scaled,0.4-0.5,78,0.45378322,0.53846154
1,20260606,3,val,frozen_encoder_logistic,resnet50,temperature_scaled,0.5-0.6,59,0.54418394,0.59322034
1,20260606,3,val,frozen_encoder_logistic,resnet50,temperature_scaled,0.6-0.7,25,0.64049214,0.72000000
1,20260606,3,val,frozen_encoder_logistic,resnet50,temperature_scaled,0.7-0.8,14,0.75527971,0.57142857
1,20260606,3,val,frozen_encoder_logistic,resnet50,temperature_scaled,0.8-0.9,4,0.82761891,0.25000000
1,20260606,3,val,frozen_encoder_logistic,resnet50,temperature_scaled,0.9-1.0,0,0.00000000,0.00000000
1,20260606,4,test,frozen_encoder_logistic,resnet50,raw,0.0-0.1,0,0.00000000,0.00000000
1,20260606,4,test,frozen_encoder_logistic,resnet50,raw,0.1-0.2,0,0.00000000,0.00000000
1,20260606,4,test,frozen_encoder_logistic,resnet50,raw,0.2-0.3,0,0.00000000,0.00000000
1,20260606,4,test,frozen_encoder_logistic,resnet50,raw,0.3-0.4,3,0.37533651,0.33333333
1,20260606,4,test,frozen_encoder_logistic,resnet50,raw,0.4-0.5,19,0.45702799,0.52631579
1,20260606,4,test,frozen_encoder_logistic,resnet50,raw,0.5-0.6,45,0.54994450,0.35555556
1,20260606,4,test,frozen_encoder_logistic,resnet50,raw,0.6-0.7,33,0.65252542,0.60606061
1,20260606,4,test,frozen_encoder_logistic,resnet50,raw,0.7-0.8,37,0.75044946,0.67567568
1,20260606,4,test,frozen_encoder_logistic,resnet50,raw,0.8-0.9,30,0.84448552,0.60000000
1,20260606,4,test,frozen_encoder_logistic,resnet50,raw,0.9-1.0,30,0.94102952,0.66666667
1,20260606,4,test,frozen_encoder_logistic,resnet50,temperature_scaled,0.0-0.1,0,0.00000000,0.00000000
1,20260606,4,test,frozen_encoder_logistic,resnet50,temperature_scaled,0.1-0.2,0,0.00000000,0.00000000
1,20260606,4,test,frozen_encoder_logistic,resnet50,temperature_scaled,0.2-0.3,0,0.00000000,0.00000000
1,20260606,4,test,frozen_encoder_logistic,resnet50,temperature_scaled,0.3-0.4,11,0.37580138,0.27272727
1,20260606,4,test,frozen_encoder_logistic,resnet50,temperature_scaled,0.4-0.5,64,0.46038261,0.50000000
1,20260606,4,test,frozen_encoder_logistic,resnet50,temperature_scaled,0.5-0.6,52,0.54860184,0.59615385
1,20260606,4,test,frozen_encoder_logistic,resnet50,temperature_scaled,0.6-0.7,39,0.63846847,0.58974359
1,20260606,4,test,frozen_encoder_logistic,resnet50,temperature_scaled,0.7-0.8,24,0.74996435,0.66666667
1,20260606,4,test,frozen_encoder_logistic,resnet50,temperature_scaled,0.8-0.9,6,0.84650441,0.66666667
1,20260606,4,test,frozen_encoder_logistic,resnet50,temperature_scaled,0.9-1.0,1,0.92755157,1.00000000
1,20260606,4,val,frozen_encoder_logistic,resnet50,raw,0.0-0.1,0,0.00000000,0.00000000
1,20260606,4,val,frozen_encoder_logistic,resnet50,raw,0.1-0.2,0,0.00000000,0.00000000
1,20260606,4,val,frozen_encoder_logistic,resnet50,raw,0.2-0.3,0,0.00000000,0.00000000
1,20260606,4,val,frozen_encoder_logistic,resnet50,raw,0.3-0.4,4,0.37480068,1.00000000
1,20260606,4,val,frozen_encoder_logistic,resnet50,raw,0.4-0.5,18,0.46628100,0.44444444
1,20260606,4,val,frozen_encoder_logistic,resnet50,raw,0.5-0.6,35,0.55012738,0.57142857
1,20260606,4,val,frozen_encoder_logistic,resnet50,raw,0.6-0.7,43,0.65146469,0.46511628
1,20260606,4,val,frozen_encoder_logistic,resnet50,raw,0.7-0.8,39,0.74961783,0.58974359
1,20260606,4,val,frozen_encoder_logistic,resnet50,raw,0.8-0.9,30,0.85251263,0.66666667
1,20260606,4,val,frozen_encoder_logistic,resnet50,raw,0.9-1.0,29,0.95133175,0.72413793
1,20260606,4,val,frozen_encoder_logistic,resnet50,temperature_scaled,0.0-0.1,0,0.00000000,0.00000000
1,20260606,4,val,frozen_encoder_logistic,resnet50,temperature_scaled,0.1-0.2,0,0.00000000,0.00000000
1,20260606,4,val,frozen_encoder_logistic,resnet50,temperature_scaled,0.2-0.3,0,0.00000000,0.00000000
1,20260606,4,val,frozen_encoder_logistic,resnet50,temperature_scaled,0.3-0.4,11,0.37545774,0.63636364
1,20260606,4,val,frozen_encoder_logistic,resnet50,temperature_scaled,0.4-0.5,56,0.45754332,0.55357143
1,20260606,4,val,frozen_encoder_logistic,resnet50,temperature_scaled,0.5-0.6,60,0.54668365,0.51666667
1,20260606,4,val,frozen_encoder_logistic,resnet50,temperature_scaled,0.6-0.7,40,0.64312405,0.60000000
1,20260606,4,val,frozen_encoder_logistic,resnet50,temperature_scaled,0.7-0.8,18,0.74692933,0.66666667
1,20260606,4,val,frozen_encoder_logistic,resnet50,temperature_scaled,0.8-0.9,9,0.84463818,0.77777778
1,20260606,4,val,frozen_encoder_logistic,resnet50,temperature_scaled,0.9-1.0,4,0.91873219,1.00000000
2,20260607,0,test,frozen_encoder_logistic,resnet50,raw,0.0-0.1,0,0.00000000,0.00000000
2,20260607,0,test,frozen_encoder_logistic,resnet50,raw,0.1-0.2,0,0.00000000,0.00000000
2,20260607,0,test,frozen_encoder_logistic,resnet50,raw,0.2-0.3,0,0.00000000,0.00000000
2,20260607,0,test,frozen_encoder_logistic,resnet50,raw,0.3-0.4,2,0.38581594,0.50000000
2,20260607,0,test,frozen_encoder_logistic,resnet50,raw,0.4-0.5,27,0.45967415,0.29629630
2,20260607,0,test,frozen_encoder_logistic,resnet50,raw,0.5-0.6,36,0.55829239,0.36111111
2,20260607,0,test,frozen_encoder_logistic,resnet50,raw,0.6-0.7,38,0.65137793,0.55263158
2,20260607,0,test,frozen_encoder_logistic,resnet50,raw,0.7-0.8,40,0.75750452,0.50000000
2,20260607,0,test,frozen_encoder_logistic,resnet50,raw,0.8-0.9,33,0.84995867,0.45454545
2,20260607,0,test,frozen_encoder_logistic,resnet50,raw,0.9-1.0,22,0.94482552,0.77272727
2,20260607,0,test,frozen_encoder_logistic,resnet50,temperature_scaled,0.0-0.1,0,0.00000000,0.00000000
2,20260607,0,test,frozen_encoder_logistic,resnet50,temperature_scaled,0.1-0.2,0,0.00000000,0.00000000
2,20260607,0,test,frozen_encoder_logistic,resnet50,temperature_scaled,0.2-0.3,0,0.00000000,0.00000000
2,20260607,0,test,frozen_encoder_logistic,resnet50,temperature_scaled,0.3-0.4,12,0.38030886,0.50000000
2,20260607,0,test,frozen_encoder_logistic,resnet50,temperature_scaled,0.4-0.5,49,0.45496446,0.30612245
2,20260607,0,test,frozen_encoder_logistic,resnet50,temperature_scaled,0.5-0.6,62,0.54477635,0.53225806
2,20260607,0,test,frozen_encoder_logistic,resnet50,temperature_scaled,0.6-0.7,45,0.64266827,0.42222222
2,20260607,0,test,frozen_encoder_logistic,resnet50,temperature_scaled,0.7-0.8,19,0.74767825,0.63157895
2,20260607,0,test,frozen_encoder_logistic,resnet50,temperature_scaled,0.8-0.9,11,0.83381475,0.90909091
2,20260607,0,test,frozen_encoder_logistic,resnet50,temperature_scaled,0.9-1.0,0,0.00000000,0.00000000
2,20260607,0,val,frozen_encoder_logistic,resnet50,raw,0.0-0.1,0,0.00000000,0.00000000
2,20260607,0,val,frozen_encoder_logistic,resnet50,raw,0.1-0.2,0,0.00000000,0.00000000
2,20260607,0,val,frozen_encoder_logistic,resnet50,raw,0.2-0.3,0,0.00000000,0.00000000
2,20260607,0,val,frozen_encoder_logistic,resnet50,raw,0.3-0.4,3,0.38495897,0.00000000
2,20260607,0,val,frozen_encoder_logistic,resnet50,raw,0.4-0.5,26,0.46295115,0.65384615
2,20260607,0,val,frozen_encoder_logistic,resnet50,raw,0.5-0.6,40,0.54628587,0.50000000
2,20260607,0,val,frozen_encoder_logistic,resnet50,raw,0.6-0.7,31,0.65559184,0.54838710
2,20260607,0,val,frozen_encoder_logistic,resnet50,raw,0.7-0.8,30,0.75048780,0.60000000
2,20260607,0,val,frozen_encoder_logistic,resnet50,raw,0.8-0.9,40,0.84167300,0.65000000
2,20260607,0,val,frozen_encoder_logistic,resnet50,raw,0.9-1.0,28,0.94481768,0.78571429
2,20260607,0,val,frozen_encoder_logistic,resnet50,temperature_scaled,0.0-0.1,0,0.00000000,0.00000000
2,20260607,0,val,frozen_encoder_logistic,resnet50,temperature_scaled,0.1-0.2,0,0.00000000,0.00000000
2,20260607,0,val,frozen_encoder_logistic,resnet50,temperature_scaled,0.2-0.3,0,0.00000000,0.00000000
2,20260607,0,val,frozen_encoder_logistic,resnet50,temperature_scaled,0.3-0.4,13,0.38509333,0.53846154
2,20260607,0,val,frozen_encoder_logistic,resnet50,temperature_scaled,0.4-0.5,54,0.45901677,0.50000000
2,20260607,0,val,frozen_encoder_logistic,resnet50,temperature_scaled,0.5-0.6,50,0.54502313,0.62000000
2,20260607,0,val,frozen_encoder_logistic,resnet50,temperature_scaled,0.6-0.7,48,0.64800944,0.64583333
2,20260607,0,val,frozen_encoder_logistic,resnet50,temperature_scaled,0.7-0.8,21,0.74754726,0.76190476
2,20260607,0,val,frozen_encoder_logistic,resnet50,temperature_scaled,0.8-0.9,10,0.83727397,0.70000000
2,20260607,0,val,frozen_encoder_logistic,resnet50,temperature_scaled,0.9-1.0,2,0.95067470,0.50000000
2,20260607,1,test,frozen_encoder_logistic,resnet50,raw,0.0-0.1,0,0.00000000,0.00000000
2,20260607,1,test,frozen_encoder_logistic,resnet50,raw,0.1-0.2,0,0.00000000,0.00000000
2,20260607,1,test,frozen_encoder_logistic,resnet50,raw,0.2-0.3,0,0.00000000,0.00000000
2,20260607,1,test,frozen_encoder_logistic,resnet50,raw,0.3-0.4,1,0.37722179,1.00000000
2,20260607,1,test,frozen_encoder_logistic,resnet50,raw,0.4-0.5,3,0.47235410,0.33333333
2,20260607,1,test,frozen_encoder_logistic,resnet50,raw,0.5-0.6,10,0.54615908,0.50000000
2,20260607,1,test,frozen_encoder_logistic,resnet50,raw,0.6-0.7,11,0.64522844,0.45454545
2,20260607,1,test,frozen_encoder_logistic,resnet50,raw,0.7-0.8,22,0.74382214,0.50000000
2,20260607,1,test,frozen_encoder_logistic,resnet50,raw,0.8-0.9,31,0.85727414,0.38709677
2,20260607,1,test,frozen_encoder_logistic,resnet50,raw,0.9-1.0,120,0.97911074,0.61666667
2,20260607,1,test,frozen_encoder_logistic,resnet50,temperature_scaled,0.0-0.1,0,0.00000000,0.00000000
2,20260607,1,test,frozen_encoder_logistic,resnet50,temperature_scaled,0.1-0.2,0,0.00000000,0.00000000
2,20260607,1,test,frozen_encoder_logistic,resnet50,temperature_scaled,0.2-0.3,0,0.00000000,0.00000000
2,20260607,1,test,frozen_encoder_logistic,resnet50,temperature_scaled,0.3-0.4,8,0.37644135,0.62500000
2,20260607,1,test,frozen_encoder_logistic,resnet50,temperature_scaled,0.4-0.5,55,0.45481126,0.47272727
2,20260607,1,test,frozen_encoder_logistic,resnet50,temperature_scaled,0.5-0.6,51,0.54477016,0.41176471
2,20260607,1,test,frozen_encoder_logistic,resnet50,temperature_scaled,0.6-0.7,34,0.64248441,0.64705882
2,20260607,1,test,frozen_encoder_logistic,resnet50,temperature_scaled,0.7-0.8,28,0.75110056,0.60714286
2,20260607,1,test,frozen_encoder_logistic,resnet50,temperature_scaled,0.8-0.9,16,0.84413196,0.87500000
2,20260607,1,test,frozen_encoder_logistic,resnet50,temperature_scaled,0.9-1.0,6,0.92227388,0.66666667
2,20260607,1,val,frozen_encoder_logistic,resnet50,raw,0.0-0.1,0,0.00000000,0.00000000
2,20260607,1,val,frozen_encoder_logistic,resnet50,raw,0.1-0.2,0,0.00000000,0.00000000
2,20260607,1,val,frozen_encoder_logistic,resnet50,raw,0.2-0.3,0,0.00000000,0.00000000
2,20260607,1,val,frozen_encoder_logistic,resnet50,raw,0.3-0.4,0,0.00000000,0.00000000
2,20260607,1,val,frozen_encoder_logistic,resnet50,raw,0.4-0.5,2,0.48917228,0.50000000
2,20260607,1,val,frozen_encoder_logistic,resnet50,raw,0.5-0.6,9,0.55725736,0.22222222
2,20260607,1,val,frozen_encoder_logistic,resnet50,raw,0.6-0.7,11,0.64156722,0.54545455
2,20260607,1,val,frozen_encoder_logistic,resnet50,raw,0.7-0.8,28,0.76085495,0.42857143
2,20260607,1,val,frozen_encoder_logistic,resnet50,raw,0.8-0.9,21,0.84537946,0.42857143
2,20260607,1,val,frozen_encoder_logistic,resnet50,raw,0.9-1.0,127,0.98390932,0.55118110
2,20260607,1,val,frozen_encoder_logistic,resnet50,temperature_scaled,0.0-0.1,0,0.00000000,0.00000000
2,20260607,1,val,frozen_encoder_logistic,resnet50,temperature_scaled,0.1-0.2,0,0.00000000,0.00000000
2,20260607,1,val,frozen_encoder_logistic,resnet50,temperature_scaled,0.2-0.3,0,0.00000000,0.00000000
2,20260607,1,val,frozen_encoder_logistic,resnet50,temperature_scaled,0.3-0.4,7,0.38996490,0.28571429
2,20260607,1,val,frozen_encoder_logistic,resnet50,temperature_scaled,0.4-0.5,53,0.46342191,0.47169811
2,20260607,1,val,frozen_encoder_logistic,resnet50,temperature_scaled,0.5-0.6,50,0.54960357,0.46000000
2,20260607,1,val,frozen_encoder_logistic,resnet50,temperature_scaled,0.6-0.7,32,0.64980363,0.56250000
2,20260607,1,val,frozen_encoder_logistic,resnet50,temperature_scaled,0.7-0.8,30,0.74783861,0.60000000
2,20260607,1,val,frozen_encoder_logistic,resnet50,temperature_scaled,0.8-0.9,18,0.84445642,0.61111111
2,20260607,1,val,frozen_encoder_logistic,resnet50,temperature_scaled,0.9-1.0,8,0.93578728,0.37500000
2,20260607,2,test,frozen_encoder_logistic,resnet50,raw,0.0-0.1,0,0.00000000,0.00000000
2,20260607,2,test,frozen_encoder_logistic,resnet50,raw,0.1-0.2,0,0.00000000,0.00000000
2,20260607,2,test,frozen_encoder_logistic,resnet50,raw,0.2-0.3,0,0.00000000,0.00000000
2,20260607,2,test,frozen_encoder_logistic,resnet50,raw,0.3-0.4,0,0.00000000,0.00000000
2,20260607,2,test,frozen_encoder_logistic,resnet50,raw,0.4-0.5,5,0.47845162,0.20000000
2,20260607,2,test,frozen_encoder_logistic,resnet50,raw,0.5-0.6,16,0.55085624,0.62500000
2,20260607,2,test,frozen_encoder_logistic,resnet50,raw,0.6-0.7,16,0.64436252,0.62500000
2,20260607,2,test,frozen_encoder_logistic,resnet50,raw,0.7-0.8,17,0.74568879,0.41176471
2,20260607,2,test,frozen_encoder_logistic,resnet50,raw,0.8-0.9,23,0.85859387,0.34782609
2,20260607,2,test,frozen_encoder_logistic,resnet50,raw,0.9-1.0,121,0.98339166,0.61157025
2,20260607,2,test,frozen_encoder_logistic,resnet50,temperature_scaled,0.0-0.1,0,0.00000000,0.00000000
2,20260607,2,test,frozen_encoder_logistic,resnet50,temperature_scaled,0.1-0.2,0,0.00000000,0.00000000
2,20260607,2,test,frozen_encoder_logistic,resnet50,temperature_scaled,0.2-0.3,0,0.00000000,0.00000000
2,20260607,2,test,frozen_encoder_logistic,resnet50,temperature_scaled,0.3-0.4,12,0.37996844,0.41666667
2,20260607,2,test,frozen_encoder_logistic,resnet50,temperature_scaled,0.4-0.5,53,0.44404283,0.52830189
2,20260607,2,test,frozen_encoder_logistic,resnet50,temperature_scaled,0.5-0.6,48,0.54659497,0.41666667
2,20260607,2,test,frozen_encoder_logistic,resnet50,temperature_scaled,0.6-0.7,43,0.64283137,0.62790698
2,20260607,2,test,frozen_encoder_logistic,resnet50,temperature_scaled,0.7-0.8,22,0.74951417,0.63636364
2,20260607,2,test,frozen_encoder_logistic,resnet50,temperature_scaled,0.8-0.9,14,0.85330785,0.85714286
2,20260607,2,test,frozen_encoder_logistic,resnet50,temperature_scaled,0.9-1.0,6,0.94925273,0.66666667
2,20260607,2,val,frozen_encoder_logistic,resnet50,raw,0.0-0.1,0,0.00000000,0.00000000
2,20260607,2,val,frozen_encoder_logistic,resnet50,raw,0.1-0.2,0,0.00000000,0.00000000
2,20260607,2,val,frozen_encoder_logistic,resnet50,raw,0.2-0.3,0,0.00000000,0.00000000
2,20260607,2,val,frozen_encoder_logistic,resnet50,raw,0.3-0.4,1,0.38805781,0.00000000
2,20260607,2,val,frozen_encoder_logistic,resnet50,raw,0.4-0.5,4,0.44484068,0.50000000
2,20260607,2,val,frozen_encoder_logistic,resnet50,raw,0.5-0.6,13,0.53556646,0.23076923
2,20260607,2,val,frozen_encoder_logistic,resnet50,raw,0.6-0.7,22,0.64025210,0.54545455
2,20260607,2,val,frozen_encoder_logistic,resnet50,raw,0.7-0.8,20,0.74735819,0.70000000
2,20260607,2,val,frozen_encoder_logistic,resnet50,raw,0.8-0.9,18,0.85520205,0.44444444
2,20260607,2,val,frozen_encoder_logistic,resnet50,raw,0.9-1.0,119,0.98203258,0.58823529
2,20260607,2,val,frozen_encoder_logistic,resnet50,temperature_scaled,0.0-0.1,0,0.00000000,0.00000000
2,20260607,2,val,frozen_encoder_logistic,resnet50,temperature_scaled,0.1-0.2,0,0.00000000,0.00000000
2,20260607,2,val,frozen_encoder_logistic,resnet50,temperature_scaled,0.2-0.3,0,0.00000000,0.00000000
2,20260607,2,val,frozen_encoder_logistic,resnet50,temperature_scaled,0.3-0.4,16,0.37663171,0.43750000
2,20260607,2,val,frozen_encoder_logistic,resnet50,temperature_scaled,0.4-0.5,50,0.45011733,0.52000000
2,20260607,2,val,frozen_encoder_logistic,resnet50,temperature_scaled,0.5-0.6,53,0.54872924,0.49056604
2,20260607,2,val,frozen_encoder_logistic,resnet50,temperature_scaled,0.6-0.7,38,0.64404386,0.55263158
2,20260607,2,val,frozen_encoder_logistic,resnet50,temperature_scaled,0.7-0.8,21,0.74545591,0.61904762
2,20260607,2,val,frozen_encoder_logistic,resnet50,temperature_scaled,0.8-0.9,15,0.84449775,0.86666667
2,20260607,2,val,frozen_encoder_logistic,resnet50,temperature_scaled,0.9-1.0,4,0.94151962,0.75000000
2,20260607,3,test,frozen_encoder_logistic,resnet50,raw,0.0-0.1,0,0.00000000,0.00000000
2,20260607,3,test,frozen_encoder_logistic,resnet50,raw,0.1-0.2,0,0.00000000,0.00000000
2,20260607,3,test,frozen_encoder_logistic,resnet50,raw,0.2-0.3,0,0.00000000,0.00000000
2,20260607,3,test,frozen_encoder_logistic,resnet50,raw,0.3-0.4,4,0.39339599,0.75000000
2,20260607,3,test,frozen_encoder_logistic,resnet50,raw,0.4-0.5,35,0.46199442,0.57142857
2,20260607,3,test,frozen_encoder_logistic,resnet50,raw,0.5-0.6,38,0.54915646,0.50000000
2,20260607,3,test,frozen_encoder_logistic,resnet50,raw,0.6-0.7,35,0.64369206,0.57142857
2,20260607,3,test,frozen_encoder_logistic,resnet50,raw,0.7-0.8,36,0.74999468,0.52777778
2,20260607,3,test,frozen_encoder_logistic,resnet50,raw,0.8-0.9,30,0.84530232,0.60000000
2,20260607,3,test,frozen_encoder_logistic,resnet50,raw,0.9-1.0,19,0.94784010,0.78947368
2,20260607,3,test,frozen_encoder_logistic,resnet50,temperature_scaled,0.0-0.1,0,0.00000000,0.00000000
2,20260607,3,test,frozen_encoder_logistic,resnet50,temperature_scaled,0.1-0.2,0,0.00000000,0.00000000
2,20260607,3,test,frozen_encoder_logistic,resnet50,temperature_scaled,0.2-0.3,0,0.00000000,0.00000000
2,20260607,3,test,frozen_encoder_logistic,resnet50,temperature_scaled,0.3-0.4,18,0.37883226,0.61111111
2,20260607,3,test,frozen_encoder_logistic,resnet50,temperature_scaled,0.4-0.5,73,0.45086988,0.53424658
2,20260607,3,test,frozen_encoder_logistic,resnet50,temperature_scaled,0.5-0.6,53,0.54334443,0.54716981
2,20260607,3,test,frozen_encoder_logistic,resnet50,temperature_scaled,0.6-0.7,34,0.64146116,0.61764706
2,20260607,3,test,frozen_encoder_logistic,resnet50,temperature_scaled,0.7-0.8,13,0.73402001,0.84615385
2,20260607,3,test,frozen_encoder_logistic,resnet50,temperature_scaled,0.8-0.9,3,0.83535479,1.00000000
2,20260607,3,test,frozen_encoder_logistic,resnet50,temperature_scaled,0.9-1.0,3,0.94529824,0.00000000
2,20260607,3,val,frozen_encoder_logistic,resnet50,raw,0.0-0.1,0,0.00000000,0.00000000
2,20260607,3,val,frozen_encoder_logistic,resnet50,raw,0.1-0.2,0,0.00000000,0.00000000
2,20260607,3,val,frozen_encoder_logistic,resnet50,raw,0.2-0.3,0,0.00000000,0.00000000
2,20260607,3,val,frozen_encoder_logistic,resnet50,raw,0.3-0.4,5,0.38167619,0.40000000
2,20260607,3,val,frozen_encoder_logistic,resnet50,raw,0.4-0.5,30,0.46631655,0.53333333
2,20260607,3,val,frozen_encoder_logistic,resnet50,raw,0.5-0.6,44,0.54985205,0.54545455
2,20260607,3,val,frozen_encoder_logistic,resnet50,raw,0.6-0.7,38,0.65691553,0.57894737
2,20260607,3,val,frozen_encoder_logistic,resnet50,raw,0.7-0.8,33,0.76132146,0.48484848
2,20260607,3,val,frozen_encoder_logistic,resnet50,raw,0.8-0.9,26,0.84601440,0.61538462
2,20260607,3,val,frozen_encoder_logistic,resnet50,raw,0.9-1.0,21,0.95069572,0.61904762
2,20260607,3,val,frozen_encoder_logistic,resnet50,temperature_scaled,0.0-0.1,0,0.00000000,0.00000000
2,20260607,3,val,frozen_encoder_logistic,resnet50,temperature_scaled,0.1-0.2,0,0.00000000,0.00000000
2,20260607,3,val,frozen_encoder_logistic,resnet50,temperature_scaled,0.2-0.3,0,0.00000000,0.00000000
2,20260607,3,val,frozen_encoder_logistic,resnet50,temperature_scaled,0.3-0.4,16,0.37982050,0.37500000
2,20260607,3,val,frozen_encoder_logistic,resnet50,temperature_scaled,0.4-0.5,73,0.44399005,0.56164384
2,20260607,3,val,frozen_encoder_logistic,resnet50,temperature_scaled,0.5-0.6,61,0.55044619,0.55737705
2,20260607,3,val,frozen_encoder_logistic,resnet50,temperature_scaled,0.6-0.7,28,0.64235785,0.57142857
2,20260607,3,val,frozen_encoder_logistic,resnet50,temperature_scaled,0.7-0.8,10,0.74915882,0.50000000
2,20260607,3,val,frozen_encoder_logistic,resnet50,temperature_scaled,0.8-0.9,8,0.85238530,0.75000000
2,20260607,3,val,frozen_encoder_logistic,resnet50,temperature_scaled,0.9-1.0,1,0.90923757,1.00000000
2,20260607,4,test,frozen_encoder_logistic,resnet50,raw,0.0-0.1,0,0.00000000,0.00000000
2,20260607,4,test,frozen_encoder_logistic,resnet50,raw,0.1-0.2,0,0.00000000,0.00000000
2,20260607,4,test,frozen_encoder_logistic,resnet50,raw,0.2-0.3,0,0.00000000,0.00000000
2,20260607,4,test,frozen_encoder_logistic,resnet50,raw,0.3-0.4,1,0.37475103,0.00000000
2,20260607,4,test,frozen_encoder_logistic,resnet50,raw,0.4-0.5,7,0.45855000,0.42857143
2,20260607,4,test,frozen_encoder_logistic,resnet50,raw,0.5-0.6,22,0.55329953,0.50000000
2,20260607,4,test,frozen_encoder_logistic,resnet50,raw,0.6-0.7,25,0.63992764,0.40000000
2,20260607,4,test,frozen_encoder_logistic,resnet50,raw,0.7-0.8,35,0.75939315,0.60000000
2,20260607,4,test,frozen_encoder_logistic,resnet50,raw,0.8-0.9,21,0.84591908,0.61904762
2,20260607,4,test,frozen_encoder_logistic,resnet50,raw,0.9-1.0,86,0.96473863,0.58139535
2,20260607,4,test,frozen_encoder_logistic,resnet50,temperature_scaled,0.0-0.1,0,0.00000000,0.00000000
2,20260607,4,test,frozen_encoder_logistic,resnet50,temperature_scaled,0.1-0.2,0,0.00000000,0.00000000
2,20260607,4,test,frozen_encoder_logistic,resnet50,temperature_scaled,0.2-0.3,0,0.00000000,0.00000000
2,20260607,4,test,frozen_encoder_logistic,resnet50,temperature_scaled,0.3-0.4,17,0.37797975,0.41176471
2,20260607,4,test,frozen_encoder_logistic,resnet50,temperature_scaled,0.4-0.5,74,0.45486363,0.48648649
2,20260607,4,test,frozen_encoder_logistic,resnet50,temperature_scaled,0.5-0.6,53,0.54909344,0.69811321
2,20260607,4,test,frozen_encoder_logistic,resnet50,temperature_scaled,0.6-0.7,33,0.63787541,0.51515152
2,20260607,4,test,frozen_encoder_logistic,resnet50,temperature_scaled,0.7-0.8,12,0.72236926,0.50000000
2,20260607,4,test,frozen_encoder_logistic,resnet50,temperature_scaled,0.8-0.9,7,0.82182031,0.71428571
2,20260607,4,test,frozen_encoder_logistic,resnet50,temperature_scaled,0.9-1.0,1,0.91863100,0.00000000
2,20260607,4,val,frozen_encoder_logistic,resnet50,raw,0.0-0.1,0,0.00000000,0.00000000
2,20260607,4,val,frozen_encoder_logistic,resnet50,raw,0.1-0.2,0,0.00000000,0.00000000
2,20260607,4,val,frozen_encoder_logistic,resnet50,raw,0.2-0.3,0,0.00000000,0.00000000
2,20260607,4,val,frozen_encoder_logistic,resnet50,raw,0.3-0.4,0,0.00000000,0.00000000
2,20260607,4,val,frozen_encoder_logistic,resnet50,raw,0.4-0.5,11,0.46117533,0.63636364
2,20260607,4,val,frozen_encoder_logistic,resnet50,raw,0.5-0.6,28,0.54893808,0.60714286
2,20260607,4,val,frozen_encoder_logistic,resnet50,raw,0.6-0.7,17,0.66683719,0.58823529
2,20260607,4,val,frozen_encoder_logistic,resnet50,raw,0.7-0.8,30,0.74839069,0.40000000
2,20260607,4,val,frozen_encoder_logistic,resnet50,raw,0.8-0.9,33,0.84561389,0.57575758
2,20260607,4,val,frozen_encoder_logistic,resnet50,raw,0.9-1.0,79,0.96377580,0.63291139
2,20260607,4,val,frozen_encoder_logistic,resnet50,temperature_scaled,0.0-0.1,0,0.00000000,0.00000000
2,20260607,4,val,frozen_encoder_logistic,resnet50,temperature_scaled,0.1-0.2,0,0.00000000,0.00000000
2,20260607,4,val,frozen_encoder_logistic,resnet50,temperature_scaled,0.2-0.3,0,0.00000000,0.00000000
2,20260607,4,val,frozen_encoder_logistic,resnet50,temperature_scaled,0.3-0.4,21,0.37896720,0.57142857
2,20260607,4,val,frozen_encoder_logistic,resnet50,temperature_scaled,0.4-0.5,70,0.45532012,0.57142857
2,20260607,4,val,frozen_encoder_logistic,resnet50,temperature_scaled,0.5-0.6,59,0.54582812,0.52542373
2,20260607,4,val,frozen_encoder_logistic,resnet50,temperature_scaled,0.6-0.7,28,0.63223234,0.67857143
2,20260607,4,val,frozen_encoder_logistic,resnet50,temperature_scaled,0.7-0.8,15,0.74313245,0.66666667
2,20260607,4,val,frozen_encoder_logistic,resnet50,temperature_scaled,0.8-0.9,5,0.83956481,0.60000000
2,20260607,4,val,frozen_encoder_logistic,resnet50,temperature_scaled,0.9-1.0,0,0.00000000,0.00000000
3,20260608,0,test,frozen_encoder_logistic,resnet50,raw,0.0-0.1,0,0.00000000,0.00000000
3,20260608,0,test,frozen_encoder_logistic,resnet50,raw,0.1-0.2,0,0.00000000,0.00000000
3,20260608,0,test,frozen_encoder_logistic,resnet50,raw,0.2-0.3,0,0.00000000,0.00000000
3,20260608,0,test,frozen_encoder_logistic,resnet50,raw,0.3-0.4,3,0.38909824,0.00000000
3,20260608,0,test,frozen_encoder_logistic,resnet50,raw,0.4-0.5,28,0.46075473,0.39285714
3,20260608,0,test,frozen_encoder_logistic,resnet50,raw,0.5-0.6,34,0.55246425,0.52941176
3,20260608,0,test,frozen_encoder_logistic,resnet50,raw,0.6-0.7,41,0.64880728,0.60975610
3,20260608,0,test,frozen_encoder_logistic,resnet50,raw,0.7-0.8,34,0.74461672,0.61764706
3,20260608,0,test,frozen_encoder_logistic,resnet50,raw,0.8-0.9,34,0.84551598,0.58823529
3,20260608,0,test,frozen_encoder_logistic,resnet50,raw,0.9-1.0,24,0.93960773,0.58333333
3,20260608,0,test,frozen_encoder_logistic,resnet50,temperature_scaled,0.0-0.1,0,0.00000000,0.00000000
3,20260608,0,test,frozen_encoder_logistic,resnet50,temperature_scaled,0.1-0.2,0,0.00000000,0.00000000
3,20260608,0,test,frozen_encoder_logistic,resnet50,temperature_scaled,0.2-0.3,0,0.00000000,0.00000000
3,20260608,0,test,frozen_encoder_logistic,resnet50,temperature_scaled,0.3-0.4,15,0.38347879,0.20000000
3,20260608,0,test,frozen_encoder_logistic,resnet50,temperature_scaled,0.4-0.5,52,0.45055706,0.51923077
3,20260608,0,test,frozen_encoder_logistic,resnet50,temperature_scaled,0.5-0.6,67,0.54841086,0.59701493
3,20260608,0,test,frozen_encoder_logistic,resnet50,temperature_scaled,0.6-0.7,37,0.64567396,0.59459459
3,20260608,0,test,frozen_encoder_logistic,resnet50,temperature_scaled,0.7-0.8,21,0.74309861,0.57142857
3,20260608,0,test,frozen_encoder_logistic,resnet50,temperature_scaled,0.8-0.9,3,0.81206121,0.66666667
3,20260608,0,test,frozen_encoder_logistic,resnet50,temperature_scaled,0.9-1.0,3,0.91900683,1.00000000
3,20260608,0,val,frozen_encoder_logistic,resnet50,raw,0.0-0.1,0,0.00000000,0.00000000
3,20260608,0,val,frozen_encoder_logistic,resnet50,raw,0.1-0.2,0,0.00000000,0.00000000
3,20260608,0,val,frozen_encoder_logistic,resnet50,raw,0.2-0.3,0,0.00000000,0.00000000
3,20260608,0,val,frozen_encoder_logistic,resnet50,raw,0.3-0.4,6,0.36607756,0.33333333
3,20260608,0,val,frozen_encoder_logistic,resnet50,raw,0.4-0.5,22,0.46019567,0.36363636
3,20260608,0,val,frozen_encoder_logistic,resnet50,raw,0.5-0.6,47,0.55160587,0.51063830
3,20260608,0,val,frozen_encoder_logistic,resnet50,raw,0.6-0.7,41,0.64781940,0.43902439
3,20260608,0,val,frozen_encoder_logistic,resnet50,raw,0.7-0.8,33,0.75570022,0.51515152
3,20260608,0,val,frozen_encoder_logistic,resnet50,raw,0.8-0.9,30,0.85210912,0.66666667
3,20260608,0,val,frozen_encoder_logistic,resnet50,raw,0.9-1.0,19,0.94470657,0.84210526
3,20260608,0,val,frozen_encoder_logistic,resnet50,temperature_scaled,0.0-0.1,0,0.00000000,0.00000000
3,20260608,0,val,frozen_encoder_logistic,resnet50,temperature_scaled,0.1-0.2,0,0.00000000,0.00000000
3,20260608,0,val,frozen_encoder_logistic,resnet50,temperature_scaled,0.2-0.3,0,0.00000000,0.00000000
3,20260608,0,val,frozen_encoder_logistic,resnet50,temperature_scaled,0.3-0.4,16,0.37537525,0.43750000
3,20260608,0,val,frozen_encoder_logistic,resnet50,temperature_scaled,0.4-0.5,65,0.45610262,0.44615385
3,20260608,0,val,frozen_encoder_logistic,resnet50,temperature_scaled,0.5-0.6,58,0.54259471,0.46551724
3,20260608,0,val,frozen_encoder_logistic,resnet50,temperature_scaled,0.6-0.7,33,0.64353085,0.66666667
3,20260608,0,val,frozen_encoder_logistic,resnet50,temperature_scaled,0.7-0.8,18,0.73523615,0.66666667
3,20260608,0,val,frozen_encoder_logistic,resnet50,temperature_scaled,0.8-0.9,8,0.83446153,1.00000000
3,20260608,0,val,frozen_encoder_logistic,resnet50,temperature_scaled,0.9-1.0,0,0.00000000,0.00000000
3,20260608,1,test,frozen_encoder_logistic,resnet50,raw,0.0-0.1,0,0.00000000,0.00000000
3,20260608,1,test,frozen_encoder_logistic,resnet50,raw,0.1-0.2,0,0.00000000,0.00000000
3,20260608,1,test,frozen_encoder_logistic,resnet50,raw,0.2-0.3,0,0.00000000,0.00000000
3,20260608,1,test,frozen_encoder_logistic,resnet50,raw,0.3-0.4,7,0.39204245,0.14285714
3,20260608,1,test,frozen_encoder_logistic,resnet50,raw,0.4-0.5,19,0.46094309,0.31578947
3,20260608,1,test,frozen_encoder_logistic,resnet50,raw,0.5-0.6,45,0.54986875,0.57777778
3,20260608,1,test,frozen_encoder_logistic,resnet50,raw,0.6-0.7,45,0.64616241,0.66666667
3,20260608,1,test,frozen_encoder_logistic,resnet50,raw,0.7-0.8,30,0.74718570,0.46666667
3,20260608,1,test,frozen_encoder_logistic,resnet50,raw,0.8-0.9,31,0.83969275,0.74193548
3,20260608,1,test,frozen_encoder_logistic,resnet50,raw,0.9-1.0,21,0.94486920,0.76190476
3,20260608,1,test,frozen_encoder_logistic,resnet50,temperature_scaled,0.0-0.1,0,0.00000000,0.00000000
3,20260608,1,test,frozen_encoder_logistic,resnet50,temperature_scaled,0.1-0.2,0,0.00000000,0.00000000
3,20260608,1,test,frozen_encoder_logistic,resnet50,temperature_scaled,0.2-0.3,0,0.00000000,0.00000000
3,20260608,1,test,frozen_encoder_logistic,resnet50,temperature_scaled,0.3-0.4,17,0.37875579,0.23529412
3,20260608,1,test,frozen_encoder_logistic,resnet50,temperature_scaled,0.4-0.5,73,0.45587345,0.57534247
3,20260608,1,test,frozen_encoder_logistic,resnet50,temperature_scaled,0.5-0.6,59,0.54141162,0.59322034
3,20260608,1,test,frozen_encoder_logistic,resnet50,temperature_scaled,0.6-0.7,31,0.63960971,0.67741935
3,20260608,1,test,frozen_encoder_logistic,resnet50,temperature_scaled,0.7-0.8,13,0.74389898,0.69230769
3,20260608,1,test,frozen_encoder_logistic,resnet50,temperature_scaled,0.8-0.9,4,0.83262071,1.00000000
3,20260608,1,test,frozen_encoder_logistic,resnet50,temperature_scaled,0.9-1.0,1,0.90712565,1.00000000
3,20260608,1,val,frozen_encoder_logistic,resnet50,raw,0.0-0.1,0,0.00000000,0.00000000
3,20260608,1,val,frozen_encoder_logistic,resnet50,raw,0.1-0.2,0,0.00000000,0.00000000
3,20260608,1,val,frozen_encoder_logistic,resnet50,raw,0.2-0.3,0,0.00000000,0.00000000
3,20260608,1,val,frozen_encoder_logistic,resnet50,raw,0.3-0.4,4,0.36538980,0.50000000
3,20260608,1,val,frozen_encoder_logistic,resnet50,raw,0.4-0.5,24,0.45970984,0.45833333
3,20260608,1,val,frozen_encoder_logistic,resnet50,raw,0.5-0.6,35,0.54849963,0.45714286
3,20260608,1,val,frozen_encoder_logistic,resnet50,raw,0.6-0.7,38,0.64763122,0.57894737
3,20260608,1,val,frozen_encoder_logistic,resnet50,raw,0.7-0.8,44,0.75252797,0.54545455
3,20260608,1,val,frozen_encoder_logistic,resnet50,raw,0.8-0.9,31,0.84251851,0.58064516
3,20260608,1,val,frozen_encoder_logistic,resnet50,raw,0.9-1.0,22,0.93370604,0.63636364
3,20260608,1,val,frozen_encoder_logistic,resnet50,temperature_scaled,0.0-0.1,0,0.00000000,0.00000000
3,20260608,1,val,frozen_encoder_logistic,resnet50,temperature_scaled,0.1-0.2,0,0.00000000,0.00000000
3,20260608,1,val,frozen_encoder_logistic,resnet50,temperature_scaled,0.2-0.3,0,0.00000000,0.00000000
3,20260608,1,val,frozen_encoder_logistic,resnet50,temperature_scaled,0.3-0.4,18,0.37887335,0.50000000
3,20260608,1,val,frozen_encoder_logistic,resnet50,temperature_scaled,0.4-0.5,62,0.45505104,0.50000000
3,20260608,1,val,frozen_encoder_logistic,resnet50,temperature_scaled,0.5-0.6,66,0.54905289,0.54545455
3,20260608,1,val,frozen_encoder_logistic,resnet50,temperature_scaled,0.6-0.7,34,0.63638756,0.58823529
3,20260608,1,val,frozen_encoder_logistic,resnet50,temperature_scaled,0.7-0.8,15,0.73356097,0.53333333
3,20260608,1,val,frozen_encoder_logistic,resnet50,temperature_scaled,0.8-0.9,3,0.84266396,1.00000000
3,20260608,1,val,frozen_encoder_logistic,resnet50,temperature_scaled,0.9-1.0,0,0.00000000,0.00000000
3,20260608,2,test,frozen_encoder_logistic,resnet50,raw,0.0-0.1,0,0.00000000,0.00000000
3,20260608,2,test,frozen_encoder_logistic,resnet50,raw,0.1-0.2,0,0.00000000,0.00000000
3,20260608,2,test,frozen_encoder_logistic,resnet50,raw,0.2-0.3,0,0.00000000,0.00000000
3,20260608,2,test,frozen_encoder_logistic,resnet50,raw,0.3-0.4,0,0.00000000,0.00000000
3,20260608,2,test,frozen_encoder_logistic,resnet50,raw,0.4-0.5,6,0.48354716,0.66666667
3,20260608,2,test,frozen_encoder_logistic,resnet50,raw,0.5-0.6,11,0.54960976,0.36363636
3,20260608,2,test,frozen_encoder_logistic,resnet50,raw,0.6-0.7,17,0.64940318,0.29411765
3,20260608,2,test,frozen_encoder_logistic,resnet50,raw,0.7-0.8,21,0.75395594,0.42857143
3,20260608,2,test,frozen_encoder_logistic,resnet50,raw,0.8-0.9,24,0.84488216,0.50000000
3,20260608,2,test,frozen_encoder_logistic,resnet50,raw,0.9-1.0,119,0.98279499,0.58823529
3,20260608,2,test,frozen_encoder_logistic,resnet50,temperature_scaled,0.0-0.1,0,0.00000000,0.00000000
3,20260608,2,test,frozen_encoder_logistic,resnet50,temperature_scaled,0.1-0.2,0,0.00000000,0.00000000
3,20260608,2,test,frozen_encoder_logistic,resnet50,temperature_scaled,0.2-0.3,0,0.00000000,0.00000000
3,20260608,2,test,frozen_encoder_logistic,resnet50,temperature_scaled,0.3-0.4,15,0.38240672,0.40000000
3,20260608,2,test,frozen_encoder_logistic,resnet50,temperature_scaled,0.4-0.5,53,0.45464587,0.37735849
3,20260608,2,test,frozen_encoder_logistic,resnet50,temperature_scaled,0.5-0.6,48,0.54434470,0.54166667
3,20260608,2,test,frozen_encoder_logistic,resnet50,temperature_scaled,0.6-0.7,44,0.64960259,0.54545455
3,20260608,2,test,frozen_encoder_logistic,resnet50,temperature_scaled,0.7-0.8,20,0.74984505,0.75000000
3,20260608,2,test,frozen_encoder_logistic,resnet50,temperature_scaled,0.8-0.9,13,0.84079070,0.69230769
3,20260608,2,test,frozen_encoder_logistic,resnet50,temperature_scaled,0.9-1.0,5,0.93360059,0.80000000
3,20260608,2,val,frozen_encoder_logistic,resnet50,raw,0.0-0.1,0,0.00000000,0.00000000
3,20260608,2,val,frozen_encoder_logistic,resnet50,raw,0.1-0.2,0,0.00000000,0.00000000
3,20260608,2,val,frozen_encoder_logistic,resnet50,raw,0.2-0.3,0,0.00000000,0.00000000
3,20260608,2,val,frozen_encoder_logistic,resnet50,raw,0.3-0.4,1,0.36347883,1.00000000
3,20260608,2,val,frozen_encoder_logistic,resnet50,raw,0.4-0.5,5,0.46918886,0.40000000
3,20260608,2,val,frozen_encoder_logistic,resnet50,raw,0.5-0.6,15,0.55552319,0.46666667
3,20260608,2,val,frozen_encoder_logistic,resnet50,raw,0.6-0.7,23,0.63829474,0.39130435
3,20260608,2,val,frozen_encoder_logistic,resnet50,raw,0.7-0.8,17,0.74732008,0.47058824
3,20260608,2,val,frozen_encoder_logistic,resnet50,raw,0.8-0.9,25,0.84618638,0.36000000
3,20260608,2,val,frozen_encoder_logistic,resnet50,raw,0.9-1.0,111,0.98241892,0.55855856
3,20260608,2,val,frozen_encoder_logistic,resnet50,temperature_scaled,0.0-0.1,0,0.00000000,0.00000000
3,20260608,2,val,frozen_encoder_logistic,resnet50,temperature_scaled,0.1-0.2,0,0.00000000,0.00000000
3,20260608,2,val,frozen_encoder_logistic,resnet50,temperature_scaled,0.2-0.3,0,0.00000000,0.00000000
3,20260608,2,val,frozen_encoder_logistic,resnet50,temperature_scaled,0.3-0.4,16,0.38013480,0.43750000
3,20260608,2,val,frozen_encoder_logistic,resnet50,temperature_scaled,0.4-0.5,59,0.45077539,0.40677966
3,20260608,2,val,frozen_encoder_logistic,resnet50,temperature_scaled,0.5-0.6,52,0.54999071,0.55769231
3,20260608,2,val,frozen_encoder_logistic,resnet50,temperature_scaled,0.6-0.7,25,0.64678787,0.44000000
3,20260608,2,val,frozen_encoder_logistic,resnet50,temperature_scaled,0.7-0.8,27,0.74146766,0.59259259
3,20260608,2,val,frozen_encoder_logistic,resnet50,temperature_scaled,0.8-0.9,12,0.84244810,0.66666667
3,20260608,2,val,frozen_encoder_logistic,resnet50,temperature_scaled,0.9-1.0,6,0.94839734,0.50000000
3,20260608,3,test,frozen_encoder_logistic,resnet50,raw,0.0-0.1,0,0.00000000,0.00000000
3,20260608,3,test,frozen_encoder_logistic,resnet50,raw,0.1-0.2,0,0.00000000,0.00000000
3,20260608,3,test,frozen_encoder_logistic,resnet50,raw,0.2-0.3,0,0.00000000,0.00000000
3,20260608,3,test,frozen_encoder_logistic,resnet50,raw,0.3-0.4,2,0.37356557,1.00000000
3,20260608,3,test,frozen_encoder_logistic,resnet50,raw,0.4-0.5,26,0.46309817,0.42307692
3,20260608,3,test,frozen_encoder_logistic,resnet50,raw,0.5-0.6,43,0.54940192,0.51162791
3,20260608,3,test,frozen_encoder_logistic,resnet50,raw,0.6-0.7,31,0.64801538,0.51612903
3,20260608,3,test,frozen_encoder_logistic,resnet50,raw,0.7-0.8,32,0.74658900,0.59375000
3,20260608,3,test,frozen_encoder_logistic,resnet50,raw,0.8-0.9,24,0.84844726,0.50000000
3,20260608,3,test,frozen_encoder_logistic,resnet50,raw,0.9-1.0,39,0.95656762,0.53846154
3,20260608,3,test,frozen_encoder_logistic,resnet50,temperature_scaled,0.0-0.1,0,0.00000000,0.00000000
3,20260608,3,test,frozen_encoder_logistic,resnet50,temperature_scaled,0.1-0.2,0,0.00000000,0.00000000
3,20260608,3,test,frozen_encoder_logistic,resnet50,temperature_scaled,0.2-0.3,0,0.00000000,0.00000000
3,20260608,3,test,frozen_encoder_logistic,resnet50,temperature_scaled,0.3-0.4,21,0.38199687,0.42857143
3,20260608,3,test,frozen_encoder_logistic,resnet50,temperature_scaled,0.4-0.5,71,0.44779402,0.47887324
3,20260608,3,test,frozen_encoder_logistic,resnet50,temperature_scaled,0.5-0.6,54,0.54279519,0.62962963
3,20260608,3,test,frozen_encoder_logistic,resnet50,temperature_scaled,0.6-0.7,28,0.65180268,0.50000000
3,20260608,3,test,frozen_encoder_logistic,resnet50,temperature_scaled,0.7-0.8,11,0.74848408,0.54545455
3,20260608,3,test,frozen_encoder_logistic,resnet50,temperature_scaled,0.8-0.9,9,0.85475904,0.66666667
3,20260608,3,test,frozen_encoder_logistic,resnet50,temperature_scaled,0.9-1.0,3,0.90564408,0.00000000
3,20260608,3,val,frozen_encoder_logistic,resnet50,raw,0.0-0.1,0,0.00000000,0.00000000
3,20260608,3,val,frozen_encoder_logistic,resnet50,raw,0.1-0.2,0,0.00000000,0.00000000
3,20260608,3,val,frozen_encoder_logistic,resnet50,raw,0.2-0.3,0,0.00000000,0.00000000
3,20260608,3,val,frozen_encoder_logistic,resnet50,raw,0.3-0.4,6,0.38489129,0.33333333
3,20260608,3,val,frozen_encoder_logistic,resnet50,raw,0.4-0.5,26,0.46032306,0.38461538
3,20260608,3,val,frozen_encoder_logistic,resnet50,raw,0.5-0.6,34,0.54728733,0.55882353
3,20260608,3,val,frozen_encoder_logistic,resnet50,raw,0.6-0.7,31,0.64988686,0.51612903
3,20260608,3,val,frozen_encoder_logistic,resnet50,raw,0.7-0.8,31,0.75016388,0.48387097
3,20260608,3,val,frozen_encoder_logistic,resnet50,raw,0.8-0.9,29,0.85531927,0.58620690
3,20260608,3,val,frozen_encoder_logistic,resnet50,raw,0.9-1.0,40,0.95012256,0.62500000
3,20260608,3,val,frozen_encoder_logistic,resnet50,temperature_scaled,0.0-0.1,0,0.00000000,0.00000000
3,20260608,3,val,frozen_encoder_logistic,resnet50,temperature_scaled,0.1-0.2,0,0.00000000,0.00000000
3,20260608,3,val,frozen_encoder_logistic,resnet50,temperature_scaled,0.2-0.3,0,0.00000000,0.00000000
3,20260608,3,val,frozen_encoder_logistic,resnet50,temperature_scaled,0.3-0.4,24,0.37597940,0.37500000
3,20260608,3,val,frozen_encoder_logistic,resnet50,temperature_scaled,0.4-0.5,62,0.44815073,0.54838710
3,20260608,3,val,frozen_encoder_logistic,resnet50,temperature_scaled,0.5-0.6,55,0.54423803,0.47272727
3,20260608,3,val,frozen_encoder_logistic,resnet50,temperature_scaled,0.6-0.7,32,0.64767231,0.65625000
3,20260608,3,val,frozen_encoder_logistic,resnet50,temperature_scaled,0.7-0.8,17,0.74595535,0.47058824
3,20260608,3,val,frozen_encoder_logistic,resnet50,temperature_scaled,0.8-0.9,7,0.84477264,0.85714286
3,20260608,3,val,frozen_encoder_logistic,resnet50,temperature_scaled,0.9-1.0,0,0.00000000,0.00000000
3,20260608,4,test,frozen_encoder_logistic,resnet50,raw,0.0-0.1,0,0.00000000,0.00000000
3,20260608,4,test,frozen_encoder_logistic,resnet50,raw,0.1-0.2,0,0.00000000,0.00000000
3,20260608,4,test,frozen_encoder_logistic,resnet50,raw,0.2-0.3,0,0.00000000,0.00000000
3,20260608,4,test,frozen_encoder_logistic,resnet50,raw,0.3-0.4,4,0.37740316,0.00000000
3,20260608,4,test,frozen_encoder_logistic,resnet50,raw,0.4-0.5,22,0.46763235,0.40909091
3,20260608,4,test,frozen_encoder_logistic,resnet50,raw,0.5-0.6,30,0.54990848,0.30000000
3,20260608,4,test,frozen_encoder_logistic,resnet50,raw,0.6-0.7,33,0.64958767,0.57575758
3,20260608,4,test,frozen_encoder_logistic,resnet50,raw,0.7-0.8,33,0.74539786,0.54545455
3,20260608,4,test,frozen_encoder_logistic,resnet50,raw,0.8-0.9,39,0.85147279,0.61538462
3,20260608,4,test,frozen_encoder_logistic,resnet50,raw,0.9-1.0,36,0.95057197,0.72222222
3,20260608,4,test,frozen_encoder_logistic,resnet50,temperature_scaled,0.0-0.1,0,0.00000000,0.00000000
3,20260608,4,test,frozen_encoder_logistic,resnet50,temperature_scaled,0.1-0.2,0,0.00000000,0.00000000
3,20260608,4,test,frozen_encoder_logistic,resnet50,temperature_scaled,0.2-0.3,0,0.00000000,0.00000000
3,20260608,4,test,frozen_encoder_logistic,resnet50,temperature_scaled,0.3-0.4,8,0.37227555,0.12500000
3,20260608,4,test,frozen_encoder_logistic,resnet50,temperature_scaled,0.4-0.5,51,0.45307601,0.41176471
3,20260608,4,test,frozen_encoder_logistic,resnet50,temperature_scaled,0.5-0.6,52,0.54390691,0.51923077
3,20260608,4,test,frozen_encoder_logistic,resnet50,temperature_scaled,0.6-0.7,46,0.64801737,0.60869565
3,20260608,4,test,frozen_encoder_logistic,resnet50,temperature_scaled,0.7-0.8,26,0.75868480,0.69230769
3,20260608,4,test,frozen_encoder_logistic,resnet50,temperature_scaled,0.8-0.9,9,0.84600850,0.77777778
3,20260608,4,test,frozen_encoder_logistic,resnet50,temperature_scaled,0.9-1.0,5,0.91801275,0.60000000
3,20260608,4,val,frozen_encoder_logistic,resnet50,raw,0.0-0.1,0,0.00000000,0.00000000
3,20260608,4,val,frozen_encoder_logistic,resnet50,raw,0.1-0.2,0,0.00000000,0.00000000
3,20260608,4,val,frozen_encoder_logistic,resnet50,raw,0.2-0.3,0,0.00000000,0.00000000
3,20260608,4,val,frozen_encoder_logistic,resnet50,raw,0.3-0.4,5,0.36967952,0.60000000
3,20260608,4,val,frozen_encoder_logistic,resnet50,raw,0.4-0.5,26,0.45625453,0.42307692
3,20260608,4,val,frozen_encoder_logistic,resnet50,raw,0.5-0.6,37,0.54581066,0.43243243
3,20260608,4,val,frozen_encoder_logistic,resnet50,raw,0.6-0.7,41,0.64523068,0.60975610
3,20260608,4,val,frozen_encoder_logistic,resnet50,raw,0.7-0.8,33,0.75669519,0.63636364
3,20260608,4,val,frozen_encoder_logistic,resnet50,raw,0.8-0.9,37,0.85204446,0.67567568
3,20260608,4,val,frozen_encoder_logistic,resnet50,raw,0.9-1.0,19,0.95597989,0.57894737
3,20260608,4,val,frozen_encoder_logistic,resnet50,temperature_scaled,0.0-0.1,0,0.00000000,0.00000000
3,20260608,4,val,frozen_encoder_logistic,resnet50,temperature_scaled,0.1-0.2,0,0.00000000,0.00000000
3,20260608,4,val,frozen_encoder_logistic,resnet50,temperature_scaled,0.2-0.3,0,0.00000000,0.00000000
3,20260608,4,val,frozen_encoder_logistic,resnet50,temperature_scaled,0.3-0.4,15,0.37425912,0.40000000
3,20260608,4,val,frozen_encoder_logistic,resnet50,temperature_scaled,0.4-0.5,62,0.45545788,0.50000000
3,20260608,4,val,frozen_encoder_logistic,resnet50,temperature_scaled,0.5-0.6,54,0.54920414,0.55555556
3,20260608,4,val,frozen_encoder_logistic,resnet50,temperature_scaled,0.6-0.7,42,0.64605502,0.66666667
3,20260608,4,val,frozen_encoder_logistic,resnet50,temperature_scaled,0.7-0.8,15,0.74483055,0.66666667
3,20260608,4,val,frozen_encoder_logistic,resnet50,temperature_scaled,0.8-0.9,7,0.83975575,0.57142857
3,20260608,4,val,frozen_encoder_logistic,resnet50,temperature_scaled,0.9-1.0,3,0.92966087,1.00000000
